,id,time,name,url,ticker,reason,rate,stock
0,0001,10:20,TEST (0000・東証),/brand/?code=3975,0000,三角保ち合い上放れ初日 ,+97.67 %,株価
1,0002,10:20,TEST (0000・東証),/brand/?code=3975,0000,三角保ち合い上放れ初日 ,+97.67 %,株価
0,2021-09-21 17:42:04.856116,15:30,大光 (3160・東1),/brand/?code=3160,3160,上値抵抗線突破初日 ,+10.62 %,株価
0,2021-09-21 17:42:04.860966,15:30,アグロ　カネショウ (4955・東1),/brand/?code=4955,4955,トレンド支持線からの反発初日 ,+22.7 %,株価
0,2021-09-21 17:42:04.864938,15:30,兼松サステック (7961・東1),/brand/?code=7961,7961,三角保ち合い上放れ初日 ,+10.82 %,株価
0,2021-09-21 17:42:04.868674,15:20,日本和装ホールディングス (2499・東2),/brand/?code=2499,2499,三角保ち合い上放れ初日 ,+14.78 %,株価
0,2021-09-21 17:42:04.872703,15:20,小倉クラッチ (6408・JQS),/brand/?code=6408,6408,押し目からの反発初日 ,+30.31 %,株価
0,2021-09-21 17:42:04.876074,15:20,南陽 (7417・東1),/brand/?code=7417,7417,三角保ち合い上放れ初日 ,+37.78 %,株価
0,2021-09-21 17:42:04.879397,15:20,ナガホリ (8139・東2),/brand/?code=8139,8139,トレンドライン突破初日 ,+22.38 %,株価
0,2021-09-21 17:42:04.882498,15:20,東海汽船 (9173・東2),/brand/?code=9173,9173,トレンドライン突破初日 ,+5.55 %,株価
0,2021-09-21 17:42:04.885576,15:10,東名 (4439・東1),/brand/?code=4439,4439,上値抵抗線突破初日 ,+27.08 %,株価
0,2021-09-21 17:42:04.888632,15:10,日本エマージェンシーアシスタンス (6063・JQS),/brand/?code=6063,6063,上値抵抗線突破初日 ,+138.72 %,株価
0,2021-09-21 17:42:04.891644,15:00,フレンドリー (8209・東2),/brand/?code=8209,8209,押し目からの反発初日 ,+28.35 %,株価
0,2021-09-21 17:42:04.894580,14:50,ソケッツ (3634・東2),/brand/?code=3634,3634,上値抵抗線突破初日 ,-11.8 %,株価
0,2021-09-21 17:42:04.897411,14:50,ビーブレイクシステムズ (3986・マザ),/brand/?code=3986,3986,上値抵抗線突破初日 ,+9.15 %,株価
0,2021-09-21 17:42:04.900336,14:40,ロコガイド (4497・マザ),/brand/?code=4497,4497,上値抵抗線突破初日 ,+56.23 %,株価
0,2021-09-21 17:42:04.903494,14:30,エヌアイデイ (2349・JQS),/brand/?code=2349,2349,上値抵抗線突破初日 ,+26.56 %,株価
0,2021-09-21 17:42:04.906430,14:30,藤商事 (6257・JQS),/brand/?code=6257,6257,三角保ち合い上放れ初日 ,+22.27 %,株価
0,2021-09-21 17:42:04.909230,14:30,近鉄百貨店 (8244・東1),/brand/?code=8244,8244,トレンド支持線からの反発初日 ,+26.55 %,株価
0,2021-09-21 17:42:04.911885,14:30,鴨川グランドホテル (9695・JQS),/brand/?code=9695,9695,上値抵抗線突破初日 ,+12.01 %,株価
0,2021-09-21 17:42:04.914536,14:20,太平電業 (1968・東1),/brand/?code=1968,1968,押し目からの反発初日 ,+24.18 %,株価
0,2021-09-21 17:42:04.917153,14:20,ヨシックスホールディングス (3221・東1),/brand/?code=3221,3221,押し目からの反発初日 ,+56.74 %,株価
0,2021-09-22 01:40:54.895852,09:10,ＰＡＬＴＡＣ (8283・東1),/brand/?code=8283,8283,三角保ち合い上放れ初日 ,+25.09 %,株価
0,2021-09-22 01:40:54.899294,09:10,東北電力 (9506・東1),/brand/?code=9506,9506,三角保ち合い上放れ初日 ,+20.98 %,株価
0,2021-09-22 01:40:54.902266,09:10,九州電力 (9508・東1),/brand/?code=9508,9508,三角保ち合い上放れ初日 ,+26.95 %,株価
0,2021-09-22 01:40:54.905229,09:10,東京ガス (9531・東1),/brand/?code=9531,9531,三角保ち合い上放れ初日 ,+16.97 %,株価
0,2021-09-22 01:40:54.908053,09:10,大阪ガス (9532・東1),/brand/?code=9532,9532,トレンド支持線からの反発初日 ,+27.94 %,株価
0,2021-09-22 01:40:54.910758,09:10,きんえい (9636・東2),/brand/?code=9636,9636,トレンド支持線からの反発初日 ,+14.26 %,株価
0,2021-09-22 01:40:54.913438,09:10,ジュンテンドー (9835・東2),/brand/?code=9835,9835,ゴールデンクロス ,+3.71 %,株価
0,2021-09-22 01:40:54.916125,09:10,日本ＫＦＣホールディングス (9873・東2),/brand/?code=9873,9873,押し目からの反発初日 ,+19.35 %,株価
0,2021-09-22 01:41:29.217819,09:20,シンクレイヤ (1724・JQS),/brand/?code=1724,1724,三角保ち合い上放れ初日 ,+45.22 %,株価
0,2021-09-22 01:41:29.221245,09:20,ヒビノ (2469・JQS),/brand/?code=2469,2469,上値抵抗線突破初日 ,+63.42 %,株価
0,2021-09-22 01:41:29.224292,09:20,串カツ田中ホールディングス (3547・東1),/brand/?code=3547,3547,三角保ち合い上放れ初日 ,+82.37 %,株価
0,2021-09-22 01:41:29.227655,09:20,ビートレンド (4020・マザ),/brand/?code=4020,4020,押し目からの反発初日 ,+11.37 %,株価
0,2021-09-22 01:41:29.230497,09:20,大阪油化工業 (4124・JQS),/brand/?code=4124,4124,押し目からの反発初日 ,+188.42 %,株価
0,2021-09-22 01:41:29.233229,09:20,ブリヂストン (5108・東1),/brand/?code=5108,5108,押し目からの反発初日 ,+38.47 %,株価
0,2021-09-22 01:41:29.235927,09:20,西川ゴム工業 (5161・東2),/brand/?code=5161,5161,押し目からの反発初日 ,+34.97 %,株価
0,2021-09-22 01:41:29.238621,09:20,北越メタル (5446・東2),/brand/?code=5446,5446,上値抵抗線突破初日 ,+4.08 %,株価
0,2021-09-22 01:41:29.241303,09:20,サンユウ (5697・東2),/brand/?code=5697,5697,トレンド支持線からの反発初日 ,+30.76 %,株価
0,2021-09-22 01:41:29.243973,09:20,キッツ (6498・東1),/brand/?code=6498,6498,トレンド支持線からの反発初日 ,+59.89 %,株価
0,2021-09-22 01:41:29.246589,09:20,アルー (7043・マザ),/brand/?code=7043,7043,上値抵抗線突破初日 ,+148.21 %,株価
0,2021-09-22 01:41:29.249216,09:20,リファインバースグループ (7375・マザ),/brand/?code=7375,7375,三角保ち合い上放れ初日 ,+1.4 %,株価
0,2021-09-22 01:41:29.251973,09:20,ＢｕｙＳｅｌｌ　Ｔｅｃｈｎｏｌｏｇｉｅｓ (7685・マザ),/brand/?code=7685,7685,暴落からの反発初日 ,+3.56 %,株価
0,2021-09-22 01:41:29.254649,09:20,ＵＥＸ (9888・JQS),/brand/?code=9888,9888,上値抵抗線突破初日 ,+22.45 %,株価
0,2021-09-22 01:41:29.257246,09:10,魚喜 (2683・東2),/brand/?code=2683,2683,上値抵抗線突破初日 ,+17.05 %,株価
0,2021-09-22 01:41:29.259897,09:10,アステラス製薬 (4503・東1),/brand/?code=4503,4503,押し目からの反発初日 ,+48.21 %,株価
0,2021-09-22 01:41:29.262453,09:10,トスネット (4754・JQS),/brand/?code=4754,4754,ダブルボトムからの反発 ,+13.84 %,株価
0,2021-09-22 01:41:29.265031,09:10,京三製作所 (6742・東1),/brand/?code=6742,6742,三角保ち合い上放れ初日 ,+34.35 %,株価
0,2021-09-22 01:41:29.267593,09:10,ナンシン (7399・JQS),/brand/?code=7399,7399,暴落からの反発初日 ,+27.99 %,株価
0,2021-09-22 01:41:29.270136,09:10,日新商事 (7490・東2),/brand/?code=7490,7490,押し目からの反発初日 ,+10.48 %,株価
0,2021-09-22 01:41:36.297177,09:50,三協フロンテア (9639・JQS),/brand/?code=9639,9639,押し目からの反発初日 ,+43.78 %,株価
0,2021-09-22 01:41:36.300365,09:50,京都ホテル (9723・東2),/brand/?code=9723,9723,トレンドライン突破初日 ,+21.23 %,株価
0,2021-09-22 01:41:36.303116,09:50,ファーストリテイリング (9983・東1),/brand/?code=9983,9983,トレンドライン突破初日 ,+10.18 %,株価
0,2021-09-22 01:41:36.306182,09:40,ぐるなび (2440・東1),/brand/?code=2440,2440,押し目からの反発初日 ,+63.81 %,株価
0,2021-09-22 01:41:36.308924,09:40,恵和 (4251・東1),/brand/?code=4251,4251,押し目からの反発初日 ,+104.13 %,株価
0,2021-09-22 01:41:36.311606,09:40,石原ケミカル (4462・東1),/brand/?code=4462,4462,トレンド支持線からの反発初日 ,+45.76 %,株価
0,2021-09-22 01:41:36.314241,09:40,不二サッシ (5940・東2),/brand/?code=5940,5940,押し目からの反発初日 ,+5.05 %,株価
0,2021-09-22 01:41:36.316901,09:40,相鉄ホールディングス (9003・東1),/brand/?code=9003,9003,上値抵抗線突破初日 ,+28.43 %,株価
0,2021-09-22 01:41:36.319506,09:30,雪印メグミルク (2270・東1),/brand/?code=2270,2270,押し目からの反発初日 ,+21.21 %,株価
0,2021-09-22 01:41:36.322157,09:30,東京一番フーズ (3067・東1),/brand/?code=3067,3067,トレンド支持線からの反発初日 ,+6.51 %,株価
0,2021-09-22 01:41:36.324783,09:30,知多鋼業 (5993・名2),/brand/?code=5993,5993,上値抵抗線突破初日 ,+22.81 %,株価
0,2021-09-22 01:41:36.327344,09:30,帝国電機製作所 (6333・東1),/brand/?code=6333,6333,トレンド支持線からの反発初日 ,+24.68 %,株価
0,2021-09-22 01:41:36.329920,09:30,シモジマ (7482・東1),/brand/?code=7482,7482,トレンド支持線からの反発初日 ,+23.33 %,株価
0,2021-09-22 01:41:36.332749,09:30,ＪＭＳ (7702・東1),/brand/?code=7702,7702,押し目からの反発初日 ,+43.13 %,株価
0,2021-09-22 01:41:36.335566,09:30,マルイチ産商 (8228・名2),/brand/?code=8228,8228,ダブルボトムからの反発 ,+13.03 %,株価
0,2021-09-22 01:41:36.338302,09:30,名古屋銀行 (8522・東1),/brand/?code=8522,8522,三角保ち合い上放れ初日 ,+42.68 %,株価
0,2021-09-22 01:41:36.340913,09:30,九州旅客鉄道 (9142・東1),/brand/?code=9142,9142,押し目からの反発初日 ,+42.35 %,株価
0,2021-09-22 01:41:36.343499,09:30,イー・ロジット (9327・JQS),/brand/?code=9327,9327,上値抵抗線突破初日 ,+21.01 %,株価
0,2021-09-22 01:41:36.346082,09:30,西部ガスホールディングス (9536・東1),/brand/?code=9536,9536,押し目からの反発初日 ,+18.14 %,株価
0,2021-09-22 01:41:36.348646,09:30,ＫＮＴ−ＣＴホールディングス (9726・東1),/brand/?code=9726,9726,逆三尊からの上昇 ,+70.17 %,株価
0,2021-09-22 01:41:42.280403,10:50,Ｓｕｃｃｅｓｓ　Ｈｏｌｄｅｒｓ (4833・JQG),/brand/?code=4833,4833,押し目からの反発初日 ,+82.73 %,株価
0,2021-09-22 01:41:42.284318,10:50,ニッコー (5343・名2),/brand/?code=5343,5343,押し目からの反発初日 ,+0.33 %,株価
0,2021-09-22 01:41:42.287788,10:50,ブシロード (7803・マザ),/brand/?code=7803,7803,トレンド支持線からの反発初日 ,+90.14 %,株価
0,2021-09-22 01:41:42.291461,10:30,ベルトラ (7048・マザ),/brand/?code=7048,7048,押し目からの反発初日 ,+128.56 %,株価
0,2021-09-22 01:41:42.294605,10:30,宮崎太陽銀行 (8560・福岡),/brand/?code=8560,8560,押し目からの反発初日 ,+22.06 %,株価
0,2021-09-22 01:41:42.297572,10:20,東北新社 (2329・JQS),/brand/?code=2329,2329,暴落からの反発初日 ,+30.77 %,株価
0,2021-09-22 01:41:42.300478,10:20,ＡＯＩ　ＴＹＯ　Ｈｏｌｄｉｎｇｓ (3975・東証),/brand/?code=3975,3975,三角保ち合い上放れ初日 ,+97.67 %,株価
0,2021-09-22 01:41:42.303418,10:20,オリエンタルランド (4661・東1),/brand/?code=4661,4661,トレンド支持線からの反発初日 ,+29.07 %,株価
0,2021-09-22 01:41:42.306316,10:20,エーワン精密 (6156・JQS),/brand/?code=6156,6156,三角保ち合い上放れ初日 ,+4.47 %,株価
0,2021-09-22 01:41:42.309084,10:10,大戸屋ホールディングス (2705・JQS),/brand/?code=2705,2705,トレンド支持線からの反発初日 ,+41.09 %,株価
0,2021-09-22 01:41:42.311778,10:10,アーキテクツ・スタジオ・ジャパン (6085・マザ),/brand/?code=6085,6085,暴落からの反発初日 ,+32.44 %,株価
0,2021-09-22 01:41:42.314673,10:10,神姫バス (9083・東2),/brand/?code=9083,9083,上値抵抗線突破初日 ,+22.14 %,株価
0,2021-09-22 01:41:42.317376,10:10,クロップス (9428・東1),/brand/?code=9428,9428,ダブルボトムからの反発 ,+34.75 %,株価
0,2021-09-22 01:41:42.320070,10:00,扶桑化学工業 (4368・東1),/brand/?code=4368,4368,トレンド支持線からの反発初日 ,+61.57 %,株価
0,2021-09-22 01:41:42.322778,10:00,極東産機 (6233・JQS),/brand/?code=6233,6233,押し目からの反発初日 ,+52.96 %,株価
0,2021-09-22 01:41:42.325527,10:00,マミヤ・オーピー (7991・東2),/brand/?code=7991,7991,トレンドライン突破初日 ,+10.7 %,株価
0,2021-09-22 01:41:42.328374,09:50,デジタルハーツホールディングス (3676・東1),/brand/?code=3676,3676,トレンド支持線からの反発初日 ,+74.35 %,株価
0,2021-09-22 01:41:42.331245,09:50,オーケーエム (6229・東2),/brand/?code=6229,6229,トレンドライン突破初日 ,+64.34 %,株価
0,2021-09-22 01:41:42.333953,09:50,ＨＡＮＡＴＯＵＲ　ＪＡＰＡＮ (6561・マザ),/brand/?code=6561,6561,押し目からの反発初日 ,+115.48 %,株価
0,2021-09-22 01:41:42.336607,09:50,丸藤シートパイル (8046・東2),/brand/?code=8046,8046,上値抵抗線突破初日 ,+12.98 %,株価
0,2021-09-22 01:41:48.583402,13:10,菱友システムズ (4685・JQS),/brand/?code=4685,4685,上値抵抗線突破初日 ,+34.98 %,株価
0,2021-09-22 01:41:48.586682,13:10,ベストワンドットコム (6577・マザ),/brand/?code=6577,6577,トレンド支持線からの反発初日 ,+118.48 %,株価
0,2021-09-22 01:41:48.589708,13:10,東海旅客鉄道 (9022・東1),/brand/?code=9022,9022,上値抵抗線突破初日 ,+35.31 %,株価
0,2021-09-22 01:41:48.593059,13:00,イオンファンタジー (4343・東1),/brand/?code=4343,4343,押し目からの反発初日 ,+43.97 %,株価
0,2021-09-22 01:41:48.595888,13:00,ファーストロジック (6037・東1),/brand/?code=6037,6037,押し目からの反発初日 ,+36.54 %,株価
0,2021-09-22 01:41:48.598595,12:50,Ｍマート (4380・マザ),/brand/?code=4380,4380,暴落からの反発初日 ,+21.34 %,株価
0,2021-09-22 01:41:48.601285,12:50,ダイコク電機 (6430・東1),/brand/?code=6430,6430,押し目からの反発初日 ,+43.63 %,株価
0,2021-09-22 01:41:48.603973,12:40,植木組 (1867・東1),/brand/?code=1867,1867,押し目からの反発初日 ,+1.85 %,株価
0,2021-09-22 01:41:48.606647,12:40,三精テクノロジーズ (6357・東2),/brand/?code=6357,6357,押し目からの反発初日 ,+52.6 %,株価
0,2021-09-22 01:41:48.609237,12:20,日建工学 (9767・東2),/brand/?code=9767,9767,三角保ち合い上放れ初日 ,+31.41 %,株価
0,2021-09-22 01:41:48.611876,11:30,カイノス (4556・JQS),/brand/?code=4556,4556,上値抵抗線突破初日 ,+95.28 %,株価
0,2021-09-22 01:41:48.614502,11:20,コーセーアールイー (3246・東1),/brand/?code=3246,3246,三角保ち合い上放れ初日 ,+18.35 %,株価
0,2021-09-22 01:41:48.617226,11:20,ヒロセ通商 (7185・JQS),/brand/?code=7185,7185,トレンド支持線からの反発初日 ,+27.16 %,株価
0,2021-09-22 01:41:48.619860,11:20,マルシェ (7524・東1),/brand/?code=7524,7524,トレンド支持線からの反発初日 ,+8.18 %,株価
0,2021-09-22 01:41:48.622431,11:20,南海プライウッド (7887・東2),/brand/?code=7887,7887,トレンド支持線からの反発初日 ,+14.97 %,株価
0,2021-09-22 01:41:48.625012,11:20,サンネクスタグループ (8945・東1),/brand/?code=8945,8945,トレンド支持線からの反発初日 ,+9.81 %,株価
0,2021-09-22 01:41:48.627572,11:20,ニッコンホールディングス (9072・東1),/brand/?code=9072,9072,トレンド支持線からの反発初日 ,+26.85 %,株価
0,2021-09-22 01:41:48.630153,11:20,武蔵野興業 (9635・東2),/brand/?code=9635,9635,押し目からの反発初日 ,+8.11 %,株価
0,2021-09-22 01:41:48.632704,11:10,白鳩 (3192・JQS),/brand/?code=3192,3192,暴落からの反発初日 ,+10.22 %,株価
0,2021-09-22 01:41:48.635260,11:00,富士ソフトサービスビューロ (6188・東2),/brand/?code=6188,6188,トレンドライン突破初日 ,+30.87 %,株価
0,2021-09-22 01:41:55.082991,14:20,共和レザー (3553・東1),/brand/?code=3553,3553,三角保ち合い上放れ初日 ,+27.38 %,株価
0,2021-09-22 01:41:55.086152,14:20,アトム (7412・東2),/brand/?code=7412,7412,ダブルボトムからの反発 ,+18.78 %,株価
0,2021-09-22 01:41:55.088850,14:20,研創 (7939・JQS),/brand/?code=7939,7939,押し目からの反発初日 ,+4.88 %,株価
0,2021-09-22 01:41:55.091903,14:20,京阪ホールディングス (9045・東1),/brand/?code=9045,9045,トレンドライン突破初日 ,+5.54 %,株価
0,2021-09-22 01:41:55.094600,14:00,手間いらず (2477・東1),/brand/?code=2477,2477,押し目からの反発初日 ,+61.96 %,株価
0,2021-09-22 01:41:55.097313,13:50,ケアネット (2150・マザ),/brand/?code=2150,2150,上値抵抗線突破初日 ,+83.24 %,株価
0,2021-09-22 01:41:55.099930,13:50,桂川電機 (6416・JQS),/brand/?code=6416,6416,上値抵抗線突破初日 ,+12.76 %,株価
0,2021-09-22 01:41:55.102571,13:50,ミクリード (7687・マザ),/brand/?code=7687,7687,押し目からの反発初日 ,+39.54 %,株価
0,2021-09-22 01:41:55.105157,13:30,岩谷産業 (8088・東1),/brand/?code=8088,8088,トレンド支持線からの反発初日 ,+30.34 %,株価
0,2021-09-22 01:41:55.107745,13:20,シード平和 (1739・JQG),/brand/?code=1739,1739,上値抵抗線突破初日 ,+53.68 %,株価
0,2021-09-22 01:41:55.110366,13:20,群栄化学工業 (4229・東1),/brand/?code=4229,4229,トレンド支持線からの反発初日 ,+34.98 %,株価
0,2021-09-22 01:41:55.112995,13:20,インテージホールディングス (4326・東1),/brand/?code=4326,4326,押し目からの反発初日 ,+54.62 %,株価
0,2021-09-22 01:41:55.115575,13:20,ＩＳＩＤ (4812・東1),/brand/?code=4812,4812,三角保ち合い上放れ初日 ,+48.38 %,株価
0,2021-09-22 01:41:55.118378,13:20,太陽工機 (6164・JQS),/brand/?code=6164,6164,トレンドライン突破初日 ,+35.24 %,株価
0,2021-09-22 01:41:55.120987,13:20,ゲームカード・ジョイコホールディングス (6249・JQS),/brand/?code=6249,6249,押し目からの反発初日 ,+6.47 %,株価
0,2021-09-22 01:41:55.123569,13:20,タクミナ (6322・東2),/brand/?code=6322,6322,押し目からの反発初日 ,+11.21 %,株価
0,2021-09-22 01:41:55.126266,13:20,日新電機 (6641・東1),/brand/?code=6641,6641,トレンド支持線からの反発初日 ,+36.52 %,株価
0,2021-09-22 01:41:55.129120,13:20,ＳＲＳホールディングス (8163・東1),/brand/?code=8163,8163,三角保ち合い上放れ初日 ,+12.69 %,株価
0,2021-09-22 01:41:55.131963,13:20,南海電気鉄道 (9044・東1),/brand/?code=9044,9044,暴落からの反発初日 ,+25.03 %,株価
0,2021-09-22 01:41:55.134662,13:10,ＡＬＢＥＲＴ (3906・マザ),/brand/?code=3906,3906,押し目からの反発初日 ,+7.37 %,株価
0,2021-09-22 01:42:19.499101,15:30,大光 (3160・東1),/brand/?code=3160,3160,上値抵抗線突破初日 ,+10.62 %,株価
0,2021-09-22 01:42:19.503200,15:30,アグロ　カネショウ (4955・東1),/brand/?code=4955,4955,トレンド支持線からの反発初日 ,+22.7 %,株価
0,2021-09-22 01:42:19.506850,15:30,兼松サステック (7961・東1),/brand/?code=7961,7961,三角保ち合い上放れ初日 ,+10.82 %,株価
0,2021-09-22 01:42:19.510641,15:20,日本和装ホールディングス (2499・東2),/brand/?code=2499,2499,三角保ち合い上放れ初日 ,+14.78 %,株価
0,2021-09-22 01:42:19.513985,15:20,小倉クラッチ (6408・JQS),/brand/?code=6408,6408,押し目からの反発初日 ,+30.31 %,株価
0,2021-09-22 01:42:19.517087,15:20,南陽 (7417・東1),/brand/?code=7417,7417,三角保ち合い上放れ初日 ,+36.46 %,株価
0,2021-09-22 01:42:19.520172,15:20,ナガホリ (8139・東2),/brand/?code=8139,8139,トレンドライン突破初日 ,+22.38 %,株価
0,2021-09-22 01:42:19.523127,15:20,東海汽船 (9173・東2),/brand/?code=9173,9173,トレンドライン突破初日 ,+5.55 %,株価
0,2021-09-22 01:42:19.525992,15:10,東名 (4439・東1),/brand/?code=4439,4439,上値抵抗線突破初日 ,+27.08 %,株価
0,2021-09-22 01:42:19.528854,15:10,日本エマージェンシーアシスタンス (6063・JQS),/brand/?code=6063,6063,上値抵抗線突破初日 ,+138.72 %,株価
0,2021-09-22 01:42:19.531724,15:00,フレンドリー (8209・東2),/brand/?code=8209,8209,押し目からの反発初日 ,+28.35 %,株価
0,2021-09-22 01:42:19.534474,14:50,ソケッツ (3634・東2),/brand/?code=3634,3634,上値抵抗線突破初日 ,-11.8 %,株価
0,2021-09-22 01:42:19.537135,14:50,ビーブレイクシステムズ (3986・マザ),/brand/?code=3986,3986,上値抵抗線突破初日 ,+9.15 %,株価
0,2021-09-22 01:42:19.539788,14:40,ロコガイド (4497・マザ),/brand/?code=4497,4497,上値抵抗線突破初日 ,+56.23 %,株価
0,2021-09-22 01:42:19.542482,14:30,エヌアイデイ (2349・JQS),/brand/?code=2349,2349,上値抵抗線突破初日 ,+26.56 %,株価
0,2021-09-22 01:42:19.545111,14:30,藤商事 (6257・JQS),/brand/?code=6257,6257,三角保ち合い上放れ初日 ,+22.27 %,株価
0,2021-09-22 01:42:19.547703,14:30,近鉄百貨店 (8244・東1),/brand/?code=8244,8244,トレンド支持線からの反発初日 ,+26.55 %,株価
0,2021-09-22 01:42:19.550454,14:30,鴨川グランドホテル (9695・JQS),/brand/?code=9695,9695,上値抵抗線突破初日 ,+12.01 %,株価
0,2021-09-22 01:42:19.553199,14:20,太平電業 (1968・東1),/brand/?code=1968,1968,押し目からの反発初日 ,+24.18 %,株価
0,2021-09-22 01:42:19.555895,14:20,ヨシックスホールディングス (3221・東1),/brand/?code=3221,3221,押し目からの反発初日 ,+48.11 %,株価
0,2021-09-22 16:27:35.779137,16:00,ゴルフ・ドゥ (3032・名セ),/brand/?code=3032,3032,押し目からの反発初日 ,+46.78 %,株価
0,2021-09-22 16:27:35.784657,15:40,日本山村硝子 (5210・東1),/brand/?code=5210,5210,三角保ち合い上放れ初日 ,+33.66 %,株価
0,2021-09-22 16:27:35.788984,15:30,丸八ホールディングス (3504・名2),/brand/?code=3504,3504,トレンドライン突破初日 ,+5.73 %,株価
0,2021-09-22 16:27:35.792874,15:30,ネオジャパン (3921・東1),/brand/?code=3921,3921,ダブルボトムからの反発 ,+29.78 %,株価
0,2021-09-22 16:27:35.797068,15:30,千趣会 (8165・東1),/brand/?code=8165,8165,トレンド支持線からの反発初日 ,+39.93 %,株価
0,2021-09-22 16:27:35.800585,15:20,アールエイジ (3248・東2),/brand/?code=3248,3248,押し目からの反発初日 ,+14.84 %,株価
0,2021-09-22 16:27:35.804032,14:40,オンリー (3376・東証),/brand/?code=3376,3376,上値抵抗線突破初日 ,+92.92 %,株価
0,2021-09-22 16:27:35.807353,14:40,サムコ (6387・東1),/brand/?code=6387,6387,暴落からの反発初日 ,+41.51 %,株価
0,2021-09-22 16:27:35.810589,14:20,ドリームインキュベータ (4310・東1),/brand/?code=4310,4310,暴落からの反発初日 ,+16.04 %,株価
0,2021-09-22 16:27:35.813732,14:20,中道リース (8594・札幌),/brand/?code=8594,8594,暴落からの反発初日 ,-3.51 %,株価
0,2021-09-22 16:27:35.816660,13:30,ＪＢイレブン (3066・名2),/brand/?code=3066,3066,押し目からの反発初日 ,+3.12 %,株価
0,2021-09-22 16:27:35.819564,13:30,ファインシンター (5994・東2),/brand/?code=5994,5994,暴落からの反発初日 ,+35.72 %,株価
0,2021-09-22 16:27:35.822468,13:30,愛眼 (9854・東1),/brand/?code=9854,9854,三角保ち合い上放れ初日 ,+10.74 %,株価
0,2021-09-22 16:27:35.825264,13:20,オーナンバ (5816・東2),/brand/?code=5816,5816,トレンド支持線からの反発初日 ,+107.84 %,株価
0,2021-09-22 16:27:35.827948,13:20,インターネットインフィニティー (6545・マザ),/brand/?code=6545,6545,トレンドライン突破初日 ,+31.29 %,株価
0,2021-09-22 16:27:35.830603,13:20,中央化学 (7895・JQS),/brand/?code=7895,7895,トレンド支持線からの反発初日 ,+13.72 %,株価
0,2021-09-22 16:27:35.833267,13:20,福岡中央銀行 (8540・福岡),/brand/?code=8540,8540,三角保ち合い上放れ初日 ,-1.09 %,株価
0,2021-09-22 16:27:35.835946,12:40,萬世電機 (7565・東2),/brand/?code=7565,7565,押し目からの反発初日 ,+1.83 %,株価
0,2021-09-22 16:27:35.838572,12:40,アイフィスジャパン (7833・東1),/brand/?code=7833,7833,トレンド支持線からの反発初日 ,+14.87 %,株価
0,2021-09-22 16:27:35.841184,12:40,筑邦銀行 (8398・福岡),/brand/?code=8398,8398,暴落からの反発初日 ,+0.92 %,株価
0,2021-09-26 22:07:37.160553,10:40,日本パーカライジング (4095・東1),/brand/?code=4095,4095,押し目からの反発初日 ,+31.81 %,株価
0,2021-09-26 22:07:37.165935,10:40,藤倉化成 (4620・東1),/brand/?code=4620,4620,押し目からの反発初日 ,+36.94 %,株価
0,2021-09-26 22:07:37.170496,10:40,東洋炭素 (5310・東1),/brand/?code=5310,5310,押し目からの反発初日 ,+64.49 %,株価
0,2021-09-26 22:07:37.175001,10:40,Ｇ−７ホールディングス (7508・東1),/brand/?code=7508,7508,押し目からの反発初日 ,+93.4 %,株価
0,2021-09-26 22:07:37.179404,10:40,プレシジョン・システム・サイエンス (7707・マザ),/brand/?code=7707,7707,押し目からの反発初日 ,+24.02 %,株価
0,2021-09-26 22:07:37.183786,10:30,中外鉱業 (1491・東2),/brand/?code=1491,1491,ゴールデンクロス ,+24.22 %,株価
0,2021-09-26 22:07:37.188104,10:30,ディー・エヌ・エー (2432・東1),/brand/?code=2432,2432,暴落からの反発初日 ,+34.49 %,株価
0,2021-09-26 22:07:37.192429,10:30,フィールズ (2767・東1),/brand/?code=2767,2767,押し目からの反発初日 ,+64.49 %,株価
0,2021-09-26 22:07:37.197582,10:30,住友電気工業 (5802・東1),/brand/?code=5802,5802,押し目からの反発初日 ,+26.79 %,株価
0,2021-09-26 22:07:37.202137,10:30,シンニッタン (6319・東1),/brand/?code=6319,6319,暴落からの反発初日 ,+40.44 %,株価
0,2021-09-26 22:07:37.206491,10:30,ＩＨＩ (7013・東1),/brand/?code=7013,7013,押し目からの反発初日 ,+56.24 %,株価
0,2021-09-26 22:07:37.211230,10:30,テノ．ホールディングス (7037・東1),/brand/?code=7037,7037,押し目からの反発初日 ,+48.11 %,株価
0,2021-09-26 22:07:37.216822,10:30,フタバ産業 (7241・東1),/brand/?code=7241,7241,トレンドライン突破初日 ,+44.81 %,株価
0,2021-09-26 22:07:37.222007,10:30,ＳＵＢＡＲＵ (7270・東1),/brand/?code=7270,7270,暴落からの反発初日 ,+19.86 %,株価
0,2021-09-26 22:07:37.226874,10:30,神鋼商事 (8075・東1),/brand/?code=8075,8075,上値抵抗線突破初日 ,+72.21 %,株価
0,2021-09-26 22:07:37.232149,10:30,アステナホールディングス (8095・東1),/brand/?code=8095,8095,押し目からの反発初日 ,+25.68 %,株価
0,2021-09-26 22:07:37.237981,10:30,大垣共立銀行 (8361・東1),/brand/?code=8361,8361,三角保ち合い上放れ初日 ,+23.46 %,株価
0,2021-09-26 22:07:37.242825,10:30,中京銀行 (8530・東1),/brand/?code=8530,8530,暴落からの反発初日 ,+9.81 %,株価
0,2021-09-26 22:07:37.247486,10:30,ナルミヤ・インターナショナル (9275・東1),/brand/?code=9275,9275,上値抵抗線突破初日 ,+51.28 %,株価
0,2021-09-26 22:07:37.252415,10:20,ＡＦＣ−ＨＤアムスライフサイエンス (2927・JQS),/brand/?code=2927,2927,上値抵抗線突破初日 ,+72.46 %,株価
0,2021-09-26 22:08:06.554608,10:50,クオールホールディングス (3034・東1),/brand/?code=3034,3034,押し目からの反発初日 ,+55.89 %,株価
0,2021-09-26 22:08:06.560928,10:50,アドソル日進 (3837・東1),/brand/?code=3837,3837,押し目からの反発初日 ,+22.36 %,株価
0,2021-09-26 22:08:06.566436,10:50,コムチュア (3844・東1),/brand/?code=3844,3844,トレンド支持線からの反発初日 ,+58.74 %,株価
0,2021-09-26 22:08:06.571551,10:50,日本化学工業 (4092・東1),/brand/?code=4092,4092,暴落からの反発初日 ,+41.14 %,株価
0,2021-09-26 22:08:06.576444,10:50,花王 (4452・東1),/brand/?code=4452,4452,暴落からの反発初日 ,+5.81 %,株価
0,2021-09-26 22:08:06.581201,10:50,ベルシステム２４ホールディングス (6183・東1),/brand/?code=6183,6183,押し目からの反発初日 ,+28.86 %,株価
0,2021-09-26 22:08:06.585725,10:50,豊和工業 (6203・東1),/brand/?code=6203,6203,押し目からの反発初日 ,+26.94 %,株価
0,2021-09-26 22:08:06.590924,10:50,ホソカワミクロン (6277・東1),/brand/?code=6277,6277,押し目からの反発初日 ,+41.62 %,株価
0,2021-09-26 22:08:06.595677,10:50,オイレス工業 (6282・東1),/brand/?code=6282,6282,押し目からの反発初日 ,+36.88 %,株価
0,2021-09-26 22:08:06.600183,10:50,三菱化工機 (6331・東1),/brand/?code=6331,6331,暴落からの反発初日 ,+18.96 %,株価
0,2021-09-26 22:08:06.604538,10:50,イリソ電子工業 (6908・東1),/brand/?code=6908,6908,押し目からの反発初日 ,+42.71 %,株価
0,2021-09-26 22:08:06.608964,10:50,曙ブレーキ工業 (7238・東1),/brand/?code=7238,7238,押し目からの反発初日 ,+58.75 %,株価
0,2021-09-26 22:08:06.613335,10:50,百五銀行 (8368・東1),/brand/?code=8368,8368,押し目からの反発初日 ,+35.39 %,株価
0,2021-09-26 22:08:06.618162,10:50,大和証券グループ本社 (8601・東1),/brand/?code=8601,8601,押し目からの反発初日 ,+39.02 %,株価
0,2021-09-26 22:08:06.622689,10:50,アドバンテッジリスクマネジメント (8769・東1),/brand/?code=8769,8769,暴落からの反発初日 ,+88.84 %,株価
0,2021-09-26 22:08:06.627204,10:50,ソフトバンク (9434・東1),/brand/?code=9434,9434,押し目からの反発初日 ,+21.36 %,株価
0,2021-09-26 22:08:06.632449,10:40,ウェルネット (2428・東1),/brand/?code=2428,2428,押し目からの反発初日 ,+57 %,株価
0,2021-09-26 22:08:06.636861,10:40,ＪＮＳホールディングス (3627・東1),/brand/?code=3627,3627,トレンドライン突破初日 ,+50.8 %,株価
0,2021-09-26 22:08:06.641180,10:40,ＯＤＫソリューションズ (3839・東1),/brand/?code=3839,3839,押し目からの反発初日 ,+21.75 %,株価
0,2021-09-26 22:08:06.645431,10:40,田中化学研究所 (4080・JQS),/brand/?code=4080,4080,トレンド支持線からの反発初日 ,+74.27 %,株価
0,2021-09-26 22:08:15.265193,11:50,ＳＴＩフードホールディングス (2932・東2),/brand/?code=2932,2932,暴落からの反発初日 ,+25.28 %,株価
0,2021-09-26 22:08:15.270245,11:50,扶桑薬品工業 (4538・東1),/brand/?code=4538,4538,押し目からの反発初日 ,+28.85 %,株価
0,2021-09-26 22:08:15.274719,11:50,Ｚホールディングス (4689・東1),/brand/?code=4689,4689,上値抵抗線突破初日 ,+42.99 %,株価
0,2021-09-26 22:08:15.279139,11:50,東京個別指導学院 (4745・東1),/brand/?code=4745,4745,押し目からの反発初日 ,+39.74 %,株価
0,2021-09-26 22:08:15.283492,11:50,イー・ガーディアン (6050・東1),/brand/?code=6050,6050,押し目からの反発初日 ,+55.98 %,株価
0,2021-09-26 22:08:15.287827,11:50,ホシザキ (6465・東1),/brand/?code=6465,6465,押し目からの反発初日 ,+34.58 %,株価
0,2021-09-26 22:08:15.292083,11:50,ユニ・チャーム (8113・東1),/brand/?code=8113,8113,押し目からの反発初日 ,+27.75 %,株価
0,2021-09-26 22:08:15.296320,11:50,ファイズホールディングス (9325・東1),/brand/?code=9325,9325,トレンド支持線からの反発初日 ,+22.79 %,株価
0,2021-09-26 22:08:15.301267,11:40,トビラシステムズ (4441・東1),/brand/?code=4441,4441,押し目からの反発初日 ,+33.77 %,株価
0,2021-09-26 22:08:15.306212,11:40,ユー・エス・エス (4732・東1),/brand/?code=4732,4732,押し目からの反発初日 ,+21.69 %,株価
0,2021-09-26 22:08:15.310533,11:40,ＴＯＹＯ　ＴＩＲＥ (5105・東1),/brand/?code=5105,5105,トレンドライン突破初日 ,+41.22 %,株価
0,2021-09-26 22:08:15.314859,11:40,九州フィナンシャルグループ (7180・東1),/brand/?code=7180,7180,押し目からの反発初日 ,+28.96 %,株価
0,2021-09-26 22:08:15.319753,11:40,ＩＪＴＴ (7315・東2),/brand/?code=7315,7315,押し目からの反発初日 ,+71.08 %,株価
0,2021-09-26 22:08:15.324162,11:40,リテールパートナーズ (8167・東1),/brand/?code=8167,8167,押し目からの反発初日 ,+29.9 %,株価
0,2021-09-26 22:08:15.328414,11:40,日産東京販売ホールディングス (8291・東1),/brand/?code=8291,8291,押し目からの反発初日 ,+23.25 %,株価
0,2021-09-26 22:08:15.332666,11:40,タキヒヨー (9982・東1),/brand/?code=9982,9982,押し目からの反発初日 ,+31.98 %,株価
0,2021-09-26 22:08:15.336927,11:30,ブティックス (9272・マザ),/brand/?code=9272,9272,三角保ち合い上放れ初日 ,+18.09 %,株価
0,2021-09-26 22:08:15.341415,11:10,すららネット (3998・マザ),/brand/?code=3998,3998,三角保ち合い上放れ初日 ,+62.42 %,株価
0,2021-09-26 22:08:15.346621,11:10,シグマクシス (6088・東1),/brand/?code=6088,6088,押し目からの反発初日 ,+98.22 %,株価
0,2021-09-26 22:08:15.351038,10:50,鳥越製粉 (2009・東1),/brand/?code=2009,2009,暴落からの反発初日 ,+7.77 %,株価
0,2021-09-26 22:08:21.026649,12:00,やまみ (2820・東1),/brand/?code=2820,2820,暴落からの反発初日 ,+9.84 %,株価
0,2021-09-26 22:08:21.032572,12:00,日本グランデ (2976・札ア),/brand/?code=2976,2976,上値抵抗線突破初日 ,+16.32 %,株価
0,2021-09-26 22:08:21.037779,12:00,セーレン (3569・東1),/brand/?code=3569,3569,押し目からの反発初日 ,+60.72 %,株価
0,2021-09-26 22:08:21.042719,12:00,クレハ (4023・東1),/brand/?code=4023,4023,トレンド支持線からの反発初日 ,+51.16 %,株価
0,2021-09-26 22:08:21.047472,12:00,プロトコーポレーション (4298・東1),/brand/?code=4298,4298,押し目からの反発初日 ,+67.42 %,株価
0,2021-09-26 22:08:21.052014,12:00,ツムラ (4540・東1),/brand/?code=4540,4540,押し目からの反発初日 ,+33.09 %,株価
0,2021-09-26 22:08:21.056536,12:00,ファンケル (4921・東1),/brand/?code=4921,4921,押し目からの反発初日 ,+30 %,株価
0,2021-09-26 22:08:21.061231,12:00,三和ホールディングス (5929・東1),/brand/?code=5929,5929,押し目からの反発初日 ,+51.47 %,株価
0,2021-09-26 22:08:21.066575,12:00,三協立山 (5932・東1),/brand/?code=5932,5932,押し目からの反発初日 ,+30.31 %,株価
0,2021-09-26 22:08:21.070977,12:00,東洋刃物 (5964・東2),/brand/?code=5964,5964,押し目からの反発初日 ,+100.46 %,株価
0,2021-09-26 22:08:21.075699,12:00,コナカ (7494・東1),/brand/?code=7494,7494,押し目からの反発初日 ,+39.61 %,株価
0,2021-09-26 22:08:21.080647,12:00,東京計器 (7721・東1),/brand/?code=7721,7721,押し目からの反発初日 ,+24.04 %,株価
0,2021-09-26 22:08:21.085077,12:00,萩原工業 (7856・東1),/brand/?code=7856,7856,押し目からの反発初日 ,+17.78 %,株価
0,2021-09-26 22:08:21.089447,12:00,フジシールインターナショナル (7864・東1),/brand/?code=7864,7864,押し目からの反発初日 ,+50.5 %,株価
0,2021-09-26 22:08:21.093754,12:00,日本紙パルプ商事 (8032・東1),/brand/?code=8032,8032,押し目からの反発初日 ,+17.05 %,株価
0,2021-09-26 22:08:21.098062,12:00,東邦ホールディングス (8129・東1),/brand/?code=8129,8129,逆三尊からの上昇 ,+25.13 %,株価
0,2021-09-26 22:08:21.103142,12:00,北日本銀行 (8551・東1),/brand/?code=8551,8551,押し目からの反発初日 ,+21.25 %,株価
0,2021-09-26 22:08:21.107882,11:50,イチケン (1847・東1),/brand/?code=1847,1847,三角保ち合い上放れ初日 ,+32.56 %,株価
0,2021-09-26 22:08:21.112220,11:50,高田工業所 (1966・東2),/brand/?code=1966,1966,押し目からの反発初日 ,+38.3 %,株価
0,2021-09-26 22:08:21.116512,11:50,ＷＤＢホールディングス (2475・東1),/brand/?code=2475,2475,上値抵抗線突破初日 ,+48.17 %,株価
0,2021-09-26 22:08:25.730899,13:30,エヌ・ピー・シー (6255・マザ),/brand/?code=6255,6255,トレンドライン突破初日 ,+62.24 %,株価
0,2021-09-26 22:08:25.737201,13:20,データホライゾン (3628・マザ),/brand/?code=3628,3628,上値抵抗線突破初日 ,+127.08 %,株価
0,2021-09-26 22:08:25.742576,13:00,飛島建設 (1805・東1),/brand/?code=1805,1805,押し目からの反発初日 ,+34.49 %,株価
0,2021-09-26 22:08:25.747595,13:00,ＣＤＳ (2169・東1),/brand/?code=2169,2169,押し目からの反発初日 ,+33.22 %,株価
0,2021-09-26 22:08:25.752486,13:00,クラウディアホールディングス (3607・東1),/brand/?code=3607,3607,押し目からの反発初日 ,+11.8 %,株価
0,2021-09-26 22:08:25.757313,13:00,ホッカンホールディングス (5902・東1),/brand/?code=5902,5902,押し目からの反発初日 ,+23.94 %,株価
0,2021-09-26 22:08:25.761837,13:00,ユニプレス (5949・東1),/brand/?code=5949,5949,暴落からの反発初日 ,+49.48 %,株価
0,2021-09-26 22:08:25.767040,13:00,ユニオンツール (6278・東1),/brand/?code=6278,6278,暴落からの反発初日 ,+41.91 %,株価
0,2021-09-26 22:08:25.771998,13:00,キトー (6409・東1),/brand/?code=6409,6409,三角保ち合い上放れ初日 ,+43.72 %,株価
0,2021-09-26 22:08:25.776420,13:00,岡谷電機産業 (6926・東1),/brand/?code=6926,6926,押し目からの反発初日 ,+23.01 %,株価
0,2021-09-26 22:08:25.780874,13:00,ＨＯＹＡ (7741・東1),/brand/?code=7741,7741,押し目からの反発初日 ,+65.59 %,株価
0,2021-09-26 22:08:25.785187,13:00,タカノ (7885・東1),/brand/?code=7885,7885,押し目からの反発初日 ,+47.43 %,株価
0,2021-09-26 22:08:25.789502,13:00,凸版印刷 (7911・東1),/brand/?code=7911,7911,押し目からの反発初日 ,+40.06 %,株価
0,2021-09-26 22:08:25.793915,13:00,リンテック (7966・東1),/brand/?code=7966,7966,押し目からの反発初日 ,+25.95 %,株価
0,2021-09-26 22:08:25.799099,13:00,穴吹興産 (8928・東1),/brand/?code=8928,8928,押し目からの反発初日 ,+37.86 %,株価
0,2021-09-26 22:08:25.803832,13:00,カナモト (9678・東1),/brand/?code=9678,9678,押し目からの反発初日 ,+32.29 %,株価
0,2021-09-26 22:08:25.809477,13:00,アークス (9948・東1),/brand/?code=9948,9948,押し目からの反発初日 ,+24.35 %,株価
0,2021-09-26 22:08:25.814053,12:20,ＴＤＣソフト (4687・東1),/brand/?code=4687,4687,押し目からの反発初日 ,+61.83 %,株価
0,2021-09-26 22:08:25.818427,12:00,奥村組 (1833・東1),/brand/?code=1833,1833,押し目からの反発初日 ,+41.55 %,株価
0,2021-09-26 22:08:25.822749,12:00,宝ホールディングス (2531・東1),/brand/?code=2531,2531,押し目からの反発初日 ,+47.95 %,株価
0,2021-09-26 22:08:30.955992,14:40,カメイ (8037・東1),/brand/?code=8037,8037,押し目からの反発初日 ,+31.57 %,株価
0,2021-09-26 22:08:30.962684,14:00,北陸電気工事 (1930・東1),/brand/?code=1930,1930,押し目からの反発初日 ,+46.27 %,株価
0,2021-09-26 22:08:30.968478,14:00,六甲バター (2266・東1),/brand/?code=2266,2266,押し目からの反発初日 ,+20.53 %,株価
0,2021-09-26 22:08:30.973770,14:00,エディオン (2730・東1),/brand/?code=2730,2730,押し目からの反発初日 ,+34.94 %,株価
0,2021-09-26 22:08:30.978911,14:00,アプリックス (3727・マザ),/brand/?code=3727,3727,押し目からの反発初日 ,+28.68 %,株価
0,2021-09-26 22:08:30.983847,14:00,アテクト (4241・JQS),/brand/?code=4241,4241,押し目からの反発初日 ,+41.05 %,株価
0,2021-09-26 22:08:30.988645,14:00,ＣＡＣ　Ｈｏｌｄｉｎｇｓ (4725・東1),/brand/?code=4725,4725,押し目からの反発初日 ,+39.9 %,株価
0,2021-09-26 22:08:30.993868,14:00,ＧＭＯメディア (6180・マザ),/brand/?code=6180,6180,トレンドライン突破初日 ,+57.88 %,株価
0,2021-09-26 22:08:30.998623,14:00,インバウンドテック (7031・マザ),/brand/?code=7031,7031,上値抵抗線突破初日 ,+25.03 %,株価
0,2021-09-26 22:08:31.003075,14:00,小田急電鉄 (9007・東1),/brand/?code=9007,9007,上値抵抗線突破初日 ,+22.74 %,株価
0,2021-09-26 22:08:31.007510,14:00,ヤマシタヘルスケアホールディングス (9265・東1),/brand/?code=9265,9265,三角保ち合い上放れ初日 ,+59.27 %,株価
0,2021-09-26 22:08:31.011854,13:50,あみやき亭 (2753・東1),/brand/?code=2753,2753,三角保ち合い上放れ初日 ,+19.33 %,株価
0,2021-09-26 22:08:31.016215,13:50,ココカラファイン (3098・東1),/brand/?code=3098,3098,暴落からの反発初日 ,+44.13 %,株価
0,2021-09-26 22:08:31.020491,13:50,セコニック (7758・東2),/brand/?code=7758,7758,暴落からの反発初日 ,+12.06 %,株価
0,2021-09-26 22:08:31.024769,13:50,シチズン時計 (7762・東1),/brand/?code=7762,7762,押し目からの反発初日 ,+74.87 %,株価
0,2021-09-26 22:08:31.029089,13:50,イズミ (8273・東1),/brand/?code=8273,8273,上値抵抗線突破初日 ,+28.54 %,株価
0,2021-09-26 22:08:31.034293,13:50,フジ (8278・東1),/brand/?code=8278,8278,三角保ち合い上放れ初日 ,+29.69 %,株価
0,2021-09-26 22:08:31.038869,13:40,グリー (3632・東1),/brand/?code=3632,3632,暴落からの反発初日 ,+50.09 %,株価
0,2021-09-26 22:08:31.043264,13:40,ヒト・コミュニケーションズ・ホールディングス (4433・東1),/brand/?code=4433,4433,トレンドライン突破初日 ,+38.92 %,株価
0,2021-09-26 22:08:31.047556,13:30,コスモ・バイオ (3386・JQS),/brand/?code=3386,3386,トレンドライン突破初日 ,+15.93 %,株価
0,2021-09-26 22:08:36.751058,16:00,日本エンタープライズ (4829・東1),/brand/?code=4829,4829,押し目からの反発初日 ,+21.43 %,株価
0,2021-09-26 22:08:36.757850,16:00,ウチヤマホールディングス (6059・東1),/brand/?code=6059,6059,トレンドライン突破初日 ,+37.82 %,株価
0,2021-09-26 22:08:36.763847,16:00,北川鉄工所 (6317・東1),/brand/?code=6317,6317,上値抵抗線突破初日 ,+40.58 %,株価
0,2021-09-26 22:08:36.769459,16:00,ＴＯＡ (6809・東1),/brand/?code=6809,6809,押し目からの反発初日 ,+33.19 %,株価
0,2021-09-26 22:08:36.774677,16:00,日本セラミック (6929・東1),/brand/?code=6929,6929,押し目からの反発初日 ,+27.25 %,株価
0,2021-09-26 22:08:36.779548,16:00,三共生興 (8018・東1),/brand/?code=8018,8018,上値抵抗線突破初日 ,+49.39 %,株価
0,2021-09-26 22:08:36.784460,16:00,長野銀行 (8521・東1),/brand/?code=8521,8521,押し目からの反発初日 ,+30.56 %,株価
0,2021-09-26 22:08:36.789805,16:00,常磐興産 (9675・東1),/brand/?code=9675,9675,三角保ち合い上放れ初日 ,+21.45 %,株価
0,2021-09-26 22:08:36.794407,15:50,オエノンホールディングス (2533・東1),/brand/?code=2533,2533,押し目からの反発初日 ,+16.12 %,株価
0,2021-09-26 22:08:36.798963,15:50,なとり (2922・東1),/brand/?code=2922,2922,押し目からの反発初日 ,+18.9 %,株価
0,2021-09-26 22:08:36.803358,15:50,スズデン (7480・東1),/brand/?code=7480,7480,押し目からの反発初日 ,+32.76 %,株価
0,2021-09-26 22:08:36.807669,15:40,住江織物 (3501・東1),/brand/?code=3501,3501,上値抵抗線突破初日 ,+18.04 %,株価
0,2021-09-26 22:08:36.812084,15:40,イメージ情報開発 (3803・JQG),/brand/?code=3803,3803,上値抵抗線突破初日 ,+12.01 %,株価
0,2021-09-26 22:08:36.816368,15:40,アイル (3854・東1),/brand/?code=3854,3854,押し目からの反発初日 ,+55.43 %,株価
0,2021-09-26 22:08:36.820603,15:40,アトミクス (4625・JQS),/brand/?code=4625,4625,ゴールデンクロス ,+18.09 %,株価
0,2021-09-26 22:08:36.825143,15:40,綜研化学 (4972・JQS),/brand/?code=4972,4972,上値抵抗線突破初日 ,+27.45 %,株価
0,2021-09-26 22:08:36.831066,15:40,フルサト工業 (8087・東1),/brand/?code=8087,8087,押し目からの反発初日 ,+55.55 %,株価
0,2021-09-26 22:08:36.835658,15:40,中央倉庫 (9319・東1),/brand/?code=9319,9319,三角保ち合い上放れ初日 ,+12.82 %,株価
0,2021-09-26 22:08:36.839990,15:30,ＲＩＳＥ (8836・JQS),/brand/?code=8836,8836,トレンドライン突破初日 ,+49.79 %,株価
0,2021-09-26 22:08:36.844323,15:20,マルカ (7594・東1),/brand/?code=7594,7594,押し目からの反発初日 ,+57.33 %,株価
0,2021-09-27 20:56:24.257255,09:10,東日本旅客鉄道 (9020・東1),/brand/?code=9020,9020,上値抵抗線突破初日 ,+47.7 %,株価
0,2021-09-27 20:56:24.263596,09:10,ベルパーク (9441・JQS),/brand/?code=9441,9441,三角保ち合い上放れ初日 ,+23.71 %,株価
0,2021-09-27 20:56:24.268486,09:10,シャルレ (9885・東2),/brand/?code=9885,9885,上値抵抗線突破初日 ,+22.23 %,株価
0,2021-09-27 20:56:39.809904,09:20,ＭＵＴＯＨホールディングス (7999・東1),/brand/?code=7999,7999,トレンド支持線からの反発初日 ,+10.38 %,株価
0,2021-09-27 20:56:39.817541,09:20,レオパレス２１ (8848・東1),/brand/?code=8848,8848,上値抵抗線突破初日 ,+81.91 %,株価
0,2021-09-27 20:56:39.823844,09:20,西日本旅客鉄道 (9021・東1),/brand/?code=9021,9021,上値抵抗線突破初日 ,+41.8 %,株価
0,2021-09-27 20:56:39.829785,09:20,元気寿司 (9828・東1),/brand/?code=9828,9828,押し目からの反発初日 ,+48.52 %,株価
0,2021-09-27 20:56:39.835510,09:10,エスエルディー (3223・JQS),/brand/?code=3223,3223,押し目からの反発初日 ,+15.45 %,株価
0,2021-09-27 20:56:39.840711,09:10,東京日産コンピュータシステム (3316・JQS),/brand/?code=3316,3316,三角保ち合い上放れ初日 ,+24.72 %,株価
0,2021-09-27 20:56:39.846138,09:10,マークラインズ (3901・東1),/brand/?code=3901,3901,押し目からの反発初日 ,+43.28 %,株価
0,2021-09-27 20:56:39.851192,09:10,ビジョナル (4194・マザ),/brand/?code=4194,4194,トレンド支持線からの反発初日 ,+39.13 %,株価
0,2021-09-27 20:56:39.855785,09:10,サンケイ化学 (4995・福岡),/brand/?code=4995,4995,ゴールデンクロス ,+1.98 %,株価
0,2021-09-27 20:56:39.860276,09:10,靜甲 (6286・JQS),/brand/?code=6286,6286,トレンドライン突破初日 ,+8.5 %,株価
0,2021-09-27 20:56:39.864757,09:10,旅工房 (6548・マザ),/brand/?code=6548,6548,ダブルボトムからの反発 ,+62.38 %,株価
0,2021-09-27 20:56:39.869156,09:10,ウェルビー (6556・東1),/brand/?code=6556,6556,押し目からの反発初日 ,+27.63 %,株価
0,2021-09-27 20:56:39.873550,09:10,ＳＥＭＩＴＥＣ (6626・JQS),/brand/?code=6626,6626,トレンド支持線からの反発初日 ,+116.41 %,株価
0,2021-09-27 20:56:39.877951,09:10,ミマキエンジニアリング (6638・東1),/brand/?code=6638,6638,上値抵抗線突破初日 ,+105.75 %,株価
0,2021-09-27 20:56:39.882358,09:10,大同信号 (6743・東2),/brand/?code=6743,6743,逆三尊からの上昇 ,+29.33 %,株価
0,2021-09-27 20:56:39.888007,09:10,菊水電子工業 (6912・JQS),/brand/?code=6912,6912,三角保ち合い上放れ初日 ,+40.01 %,株価
0,2021-09-27 20:56:39.893012,09:10,名村造船所 (7014・東1),/brand/?code=7014,7014,上値抵抗線突破初日 ,+77.27 %,株価
0,2021-09-27 20:56:39.897381,09:10,ユニバンス (7254・東2),/brand/?code=7254,7254,押し目からの反発初日 ,+159.23 %,株価
0,2021-09-27 20:56:39.901684,09:10,ダイレクトマーケティングミックス (7354・東1),/brand/?code=7354,7354,押し目からの反発初日 ,+56.29 %,株価
0,2021-09-27 20:56:39.905981,09:10,グローム・ホールディングス (8938・JQG),/brand/?code=8938,8938,ゴールデンクロス ,+74.4 %,株価
0,2021-09-27 20:56:54.377040,09:30,大東港運 (9367・JQS),/brand/?code=9367,9367,上値抵抗線突破初日 ,+18.72 %,株価
0,2021-09-27 20:56:54.383198,09:20,ホウスイ (1352・東1),/brand/?code=1352,1352,押し目からの反発初日 ,+8.86 %,株価
0,2021-09-27 20:56:54.388531,09:20,日本ドライケミカル (1909・東1),/brand/?code=1909,1909,押し目からの反発初日 ,+59.68 %,株価
0,2021-09-27 20:56:54.393559,09:20,高橋カーテンウォール工業 (1994・JQS),/brand/?code=1994,1994,押し目からの反発初日 ,+36.9 %,株価
0,2021-09-27 20:56:54.398514,09:20,柿安本店 (2294・東1),/brand/?code=2294,2294,押し目からの反発初日 ,+18.68 %,株価
0,2021-09-27 20:56:54.403225,09:20,銚子丸 (3075・JQS),/brand/?code=3075,3075,押し目からの反発初日 ,+36.71 %,株価
0,2021-09-27 20:56:54.407793,09:20,クリエイト・レストランツ・ホールディングス (3387・東1),/brand/?code=3387,3387,上値抵抗線突破初日 ,+60.74 %,株価
0,2021-09-27 20:56:54.412522,09:20,ニイタカ (4465・東1),/brand/?code=4465,4465,押し目からの反発初日 ,+26.51 %,株価
0,2021-09-27 20:56:54.416960,09:20,ガーラ (4777・JQS),/brand/?code=4777,4777,トレンドライン突破初日 ,+58.77 %,株価
0,2021-09-27 20:56:54.421319,09:20,住友理工 (5191・東1),/brand/?code=5191,5191,トレンド支持線からの反発初日 ,+42.54 %,株価
0,2021-09-27 20:56:54.425656,09:20,イード (6038・マザ),/brand/?code=6038,6038,押し目からの反発初日 ,+35.63 %,株価
0,2021-09-27 20:56:54.430035,09:20,レアジョブ (6096・東1),/brand/?code=6096,6096,押し目からの反発初日 ,+26.69 %,株価
0,2021-09-27 20:56:54.434332,09:20,三井Ｅ＆Ｓホールディングス (7003・東1),/brand/?code=7003,7003,押し目からの反発初日 ,+80.61 %,株価
0,2021-09-27 20:56:54.438693,09:20,全研本社 (7371・マザ),/brand/?code=7371,7371,トレンドライン突破初日 ,+10.67 %,株価
0,2021-09-27 20:56:54.443400,09:20,創健社 (7413・JQS),/brand/?code=7413,7413,三角保ち合い上放れ初日 ,+18.9 %,株価
0,2021-09-27 20:56:54.448563,09:20,第一興商 (7458・東1),/brand/?code=7458,7458,三角保ち合い上放れ初日 ,+39.68 %,株価
0,2021-09-27 20:56:54.453022,09:20,西川計測 (7500・JQS),/brand/?code=7500,7500,暴落からの反発初日 ,+17.07 %,株価
0,2021-09-27 20:56:54.457300,09:20,梅の花 (7604・東2),/brand/?code=7604,7604,上値抵抗線突破初日 ,+74.5 %,株価
0,2021-09-27 20:56:54.461563,09:20,長野計器 (7715・東1),/brand/?code=7715,7715,押し目からの反発初日 ,+46.96 %,株価
0,2021-09-27 20:56:54.465832,09:20,トーイン (7923・JQS),/brand/?code=7923,7923,ゴールデンクロス ,+10.53 %,株価
0,2021-09-27 20:57:05.363470,09:30,東海染工 (3577・東1),/brand/?code=3577,3577,暴落からの反発初日 ,+6.15 %,株価
0,2021-09-27 20:57:05.369107,09:30,ジョルダン (3710・JQS),/brand/?code=3710,3710,押し目からの反発初日 ,+29.18 %,株価
0,2021-09-27 20:57:05.374094,09:30,ギガプライズ (3830・名セ),/brand/?code=3830,3830,トレンドライン突破初日 ,+8.22 %,株価
0,2021-09-27 20:57:05.378832,09:30,サカタインクス (4633・東1),/brand/?code=4633,4633,押し目からの反発初日 ,+23.96 %,株価
0,2021-09-27 20:57:05.383435,09:30,ヤマウホールディングス (5284・JQS),/brand/?code=5284,5284,上値抵抗線突破初日 ,+67.7 %,株価
0,2021-09-27 20:57:05.387995,09:30,インソース (6200・東1),/brand/?code=6200,6200,押し目からの反発初日 ,+40.87 %,株価
0,2021-09-27 20:57:05.392468,09:30,エンシュウ (6218・東1),/brand/?code=6218,6218,暴落からの反発初日 ,+20.05 %,株価
0,2021-09-27 20:57:05.397112,09:30,オプトラン (6235・東1),/brand/?code=6235,6235,押し目からの反発初日 ,+44.97 %,株価
0,2021-09-27 20:57:05.401709,09:30,ゼネラルパッカー (6267・名2),/brand/?code=6267,6267,暴落からの反発初日 ,+8.59 %,株価
0,2021-09-27 20:57:05.406185,09:30,太洋工業 (6663・JQS),/brand/?code=6663,6663,三角保ち合い上放れ初日 ,+85.74 %,株価
0,2021-09-27 20:57:05.410544,09:30,共和電業 (6853・東1),/brand/?code=6853,6853,押し目からの反発初日 ,+21.75 %,株価
0,2021-09-27 20:57:05.414857,09:30,武蔵精密工業 (7220・東1),/brand/?code=7220,7220,トレンドライン突破初日 ,+41.9 %,株価
0,2021-09-27 20:57:05.419555,09:30,新家工業 (7305・東1),/brand/?code=7305,7305,三角保ち合い上放れ初日 ,+39.34 %,株価
0,2021-09-27 20:57:05.424822,09:30,アシックス (7936・東1),/brand/?code=7936,7936,押し目からの反発初日 ,+68.84 %,株価
0,2021-09-27 20:57:05.429330,09:30,ネポン (7985・東2),/brand/?code=7985,7985,上値抵抗線突破初日 ,+9.94 %,株価
0,2021-09-27 20:57:05.433977,09:30,トルク (8077・東1),/brand/?code=8077,8077,暴落からの反発初日 ,+24.13 %,株価
0,2021-09-27 20:57:05.438353,09:30,三菱ＨＣキャピタル (8593・東1),/brand/?code=8593,8593,暴落からの反発初日 ,+34.53 %,株価
0,2021-09-27 20:57:05.443054,09:30,日本ビルファンド投資法人 (8951・東証),/brand/?code=8951,8951,暴落からの反発初日 ,+26.2 %,株価
0,2021-09-27 20:57:05.447455,09:30,インヴィンシブル投資法人 (8963・東証),/brand/?code=8963,8963,トレンドライン突破初日 ,+41.67 %,株価
0,2021-09-27 20:57:05.451824,09:30,富士急行 (9010・東1),/brand/?code=9010,9010,三角保ち合い上放れ初日 ,+46.17 %,株価
0,2021-09-27 20:57:12.651033,09:40,バロックジャパンリミテッド (3548・東1),/brand/?code=3548,3548,押し目からの反発初日 ,+28.32 %,株価
0,2021-09-27 20:57:12.658745,09:40,ダイキアクシス (4245・東1),/brand/?code=4245,4245,押し目からの反発初日 ,+21.7 %,株価
0,2021-09-27 20:57:12.665167,09:40,ＥＮＥＯＳホールディングス (5020・東1),/brand/?code=5020,5020,押し目からの反発初日 ,+32.05 %,株価
0,2021-09-27 20:57:12.671172,09:40,ソノコム (7902・JQS),/brand/?code=7902,7902,暴落からの反発初日 ,+25.19 %,株価
0,2021-09-27 20:57:12.676813,09:40,ＡＳＩＡＮ　ＳＴＡＲ (8946・JQS),/brand/?code=8946,8946,ゴールデンクロス ,+11.61 %,株価
0,2021-09-27 20:57:12.682037,09:40,歌舞伎座 (9661・東2),/brand/?code=9661,9661,トレンドライン突破初日 ,+5.95 %,株価
0,2021-09-27 20:57:12.687217,09:40,精養軒 (9734・JQS),/brand/?code=9734,9734,トレンドライン突破初日 ,+14.9 %,株価
0,2021-09-27 20:57:12.692127,09:40,グルメ杵屋 (9850・東1),/brand/?code=9850,9850,押し目からの反発初日 ,+25.74 %,株価
0,2021-09-27 20:57:12.696750,09:40,マキヤ (9890・JQS),/brand/?code=9890,9890,上値抵抗線突破初日 ,+14.37 %,株価
0,2021-09-27 20:57:12.701247,09:40,藤井産業 (9906・JQS),/brand/?code=9906,9906,上値抵抗線突破初日 ,+14.37 %,株価
0,2021-09-27 20:57:12.705828,09:30,日本アクア (1429・東1),/brand/?code=1429,1429,押し目からの反発初日 ,+25.85 %,株価
0,2021-09-27 20:57:12.710206,09:30,フィット (1436・マザ),/brand/?code=1436,1436,押し目からの反発初日 ,+24.84 %,株価
0,2021-09-27 20:57:12.714549,09:30,大成建設 (1801・東1),/brand/?code=1801,1801,トレンドライン突破初日 ,+19.3 %,株価
0,2021-09-27 20:57:12.719293,09:30,清水建設 (1803・東1),/brand/?code=1803,1803,押し目からの反発初日 ,+27.57 %,株価
0,2021-09-27 20:57:12.724590,09:30,トシン・グループ (2761・JQS),/brand/?code=2761,2761,押し目からの反発初日 ,+15.2 %,株価
0,2021-09-27 20:57:12.729076,09:30,デルソーレ (2876・JQS),/brand/?code=2876,2876,ゴールデンクロス ,+29.88 %,株価
0,2021-09-27 20:57:12.733344,09:30,ハイパー (3054・東1),/brand/?code=3054,3054,暴落からの反発初日 ,+25.87 %,株価
0,2021-09-27 20:57:12.737621,09:30,日清紡ホールディングス (3105・東1),/brand/?code=3105,3105,上値抵抗線突破初日 ,+35.14 %,株価
0,2021-09-27 20:57:12.741869,09:30,すかいらーくホールディングス (3197・東1),/brand/?code=3197,3197,ダブルボトムからの反発 ,+16.96 %,株価
0,2021-09-27 20:57:12.746116,09:30,イオンリート投資法人 (3292・東証),/brand/?code=3292,3292,上値抵抗線突破初日 ,+36.07 %,株価
0,2021-09-27 20:57:20.248720,09:50,中央ビルト工業 (1971・東2),/brand/?code=1971,1971,上値抵抗線突破初日 ,+12.95 %,株価
0,2021-09-27 20:57:20.254502,09:50,サニーサイドアップグループ (2180・東1),/brand/?code=2180,2180,押し目からの反発初日 ,+50.5 %,株価
0,2021-09-27 20:57:20.259474,09:50,キリンホールディングス (2503・東1),/brand/?code=2503,2503,押し目からの反発初日 ,+15.21 %,株価
0,2021-09-27 20:57:20.264364,09:50,ダイショー (2816・東2),/brand/?code=2816,2816,押し目からの反発初日 ,+11.85 %,株価
0,2021-09-27 20:57:20.268952,09:50,バナーズ (3011・東2),/brand/?code=3011,3011,押し目からの反発初日 ,+15.76 %,株価
0,2021-09-27 20:57:20.273479,09:50,エスポア (3260・名セ),/brand/?code=3260,3260,暴落からの反発初日 ,+17.74 %,株価
0,2021-09-27 20:57:20.277945,09:50,ＮＴＴデータイントラマート (3850・東2),/brand/?code=3850,3850,トレンドライン突破初日 ,+12.74 %,株価
0,2021-09-27 20:57:20.282575,09:50,岡山製紙 (3892・JQS),/brand/?code=3892,3892,上値抵抗線突破初日 ,+9.86 %,株価
0,2021-09-27 20:57:20.287090,09:50,ユニバーサル園芸社 (6061・JQS),/brand/?code=6061,6061,上値抵抗線突破初日 ,+8.56 %,株価
0,2021-09-27 20:57:20.291469,09:50,石川製作所 (6208・東1),/brand/?code=6208,6208,押し目からの反発初日 ,+18.84 %,株価
0,2021-09-27 20:57:20.295749,09:50,サトーホールディングス (6287・東1),/brand/?code=6287,6287,押し目からの反発初日 ,+42.79 %,株価
0,2021-09-27 20:57:20.300314,09:50,東亜ディーケーケー (6848・東1),/brand/?code=6848,6848,トレンド支持線からの反発初日 ,+28.65 %,株価
0,2021-09-27 20:57:20.305041,09:50,エンチョー (8208・JQS),/brand/?code=8208,8208,押し目からの反発初日 ,+0.34 %,株価
0,2021-09-27 20:57:20.309451,09:50,タカチホ (8225・JQS),/brand/?code=8225,8225,トレンド支持線からの反発初日 ,+24.35 %,株価
0,2021-09-27 20:57:20.313743,09:50,アクシアル　リテイリング (8255・東1),/brand/?code=8255,8255,暴落からの反発初日 ,+23.64 %,株価
0,2021-09-27 20:57:20.318232,09:50,乃村工藝社 (9716・東1),/brand/?code=9716,9716,トレンド支持線からの反発初日 ,+55.54 %,株価
0,2021-09-27 20:57:20.322545,09:50,ジャステック (9717・東1),/brand/?code=9717,9717,三角保ち合い上放れ初日 ,+18.36 %,株価
0,2021-09-27 20:57:20.326796,09:50,プレナス (9945・東1),/brand/?code=9945,9945,三角保ち合い上放れ初日 ,+30.05 %,株価
0,2021-09-27 20:57:20.331038,09:40,ゲオホールディングス (2681・東1),/brand/?code=2681,2681,押し目からの反発初日 ,+21.97 %,株価
0,2021-09-27 20:57:20.335307,09:40,タカラレーベン不動産投資法人 (3492・東証),/brand/?code=3492,3492,上値抵抗線突破初日 ,+46.52 %,株価
0,2021-09-27 20:57:30.185696,10:00,ヒューマンホールディングス (2415・JQS),/brand/?code=2415,2415,上値抵抗線突破初日 ,+37.71 %,株価
0,2021-09-27 20:57:30.191910,10:00,不二製油グループ本社 (2607・東1),/brand/?code=2607,2607,押し目からの反発初日 ,+16.98 %,株価
0,2021-09-27 20:57:30.197211,10:00,ムゲンエステート (3299・東1),/brand/?code=3299,3299,トレンドライン突破初日 ,+21.64 %,株価
0,2021-09-27 20:57:30.202267,10:00,丸千代山岡家 (3399・JQS),/brand/?code=3399,3399,押し目からの反発初日 ,+9.39 %,株価
0,2021-09-27 20:57:30.207178,10:00,ティビィシィ・スキヤツト (3974・JQS),/brand/?code=3974,3974,押し目からの反発初日 ,+2.79 %,株価
0,2021-09-27 20:57:30.211866,10:00,ＳＹＳホールディングス (3988・JQS),/brand/?code=3988,3988,押し目からの反発初日 ,+25.5 %,株価
0,2021-09-27 20:57:30.216391,10:00,多木化学 (4025・東1),/brand/?code=4025,4025,押し目からの反発初日 ,+43.02 %,株価
0,2021-09-27 20:57:30.221078,10:00,三井化学 (4183・東1),/brand/?code=4183,4183,押し目からの反発初日 ,+55.04 %,株価
0,2021-09-27 20:57:30.225544,10:00,ＳＥＣカーボン (5304・東2),/brand/?code=5304,5304,トレンドライン突破初日 ,+37.37 %,株価
0,2021-09-27 20:57:30.229932,10:00,協立電機 (6874・JQS),/brand/?code=6874,6874,三角保ち合い上放れ初日 ,+5.85 %,株価
0,2021-09-27 20:57:30.234246,10:00,ゆうちょ銀行 (7182・東1),/brand/?code=7182,7182,押し目からの反発初日 ,+36.04 %,株価
0,2021-09-27 20:57:30.238562,10:00,東京ラヂエーター製造 (7235・東2),/brand/?code=7235,7235,トレンドライン突破初日 ,+47.35 %,株価
0,2021-09-27 20:57:30.242820,10:00,アルビス (7475・東1),/brand/?code=7475,7475,押し目からの反発初日 ,+15.66 %,株価
0,2021-09-27 20:57:30.247128,10:00,リックス (7525・東1),/brand/?code=7525,7525,上値抵抗線突破初日 ,+16.16 %,株価
0,2021-09-27 20:57:30.251365,10:00,安楽亭 (7562・東2),/brand/?code=7562,7562,トレンド支持線からの反発初日 ,+12.49 %,株価
0,2021-09-27 20:57:30.255781,10:00,日本創発グループ (7814・JQS),/brand/?code=7814,7814,上値抵抗線突破初日 ,+32.77 %,株価
0,2021-09-27 20:57:30.260228,10:00,ニチモウ (8091・東1),/brand/?code=8091,8091,押し目からの反発初日 ,+26.48 %,株価
0,2021-09-27 20:57:30.264557,10:00,筑波銀行 (8338・東1),/brand/?code=8338,8338,暴落からの反発初日 ,+24.54 %,株価
0,2021-09-27 20:57:30.268817,10:00,センコン物流 (9051・JQS),/brand/?code=9051,9051,三角保ち合い上放れ初日 ,+13.22 %,株価
0,2021-09-27 20:57:30.273034,09:50,大東建託 (1878・東1),/brand/?code=1878,1878,押し目からの反発初日 ,+58.21 %,株価
0,2021-09-27 20:57:39.226699,10:40,ＣＫＤ (6407・東1),/brand/?code=6407,6407,上値抵抗線突破初日 ,+40.86 %,株価
0,2021-09-27 20:57:39.233714,10:40,日立造船 (7004・東1),/brand/?code=7004,7004,押し目からの反発初日 ,+64.2 %,株価
0,2021-09-27 20:57:39.239618,10:40,任天堂 (7974・東1),/brand/?code=7974,7974,三角保ち合い上放れ初日 ,+23.7 %,株価
0,2021-09-27 20:57:39.245136,10:30,ヒガシマル (2058・福岡),/brand/?code=2058,2058,三角保ち合い上放れ初日 ,-1.13 %,株価
0,2021-09-27 20:57:39.250396,10:30,ＳＵＭＣＯ (3436・東1),/brand/?code=3436,3436,暴落からの反発初日 ,+37.01 %,株価
0,2021-09-27 20:57:39.255321,10:30,ユニフォームネクスト (3566・マザ),/brand/?code=3566,3566,上値抵抗線突破初日 ,+35.15 %,株価
0,2021-09-27 20:57:39.260340,10:30,倉庫精練 (3578・東2),/brand/?code=3578,3578,押し目からの反発初日 ,+70.1 %,株価
0,2021-09-27 20:57:39.264967,10:30,ムーンバット (8115・東2),/brand/?code=8115,8115,上値抵抗線突破初日 ,+26.21 %,株価
0,2021-09-27 20:57:39.269475,10:20,那須電機鉄工 (5922・東2),/brand/?code=5922,5922,ダブルボトムからの反発 ,+12.76 %,株価
0,2021-09-27 20:57:39.273979,10:20,明治機械 (6334・東2),/brand/?code=6334,6334,トレンドライン突破初日 ,+4.58 %,株価
0,2021-09-27 20:57:39.278359,10:20,グラファイトデザイン (7847・JQS),/brand/?code=7847,7847,トレンドライン突破初日 ,+29.22 %,株価
0,2021-09-27 20:57:39.282734,10:20,川辺 (8123・JQS),/brand/?code=8123,8123,三角保ち合い上放れ初日 ,+7.74 %,株価
0,2021-09-27 20:57:39.287074,10:20,みずほフィナンシャルグループ (8411・東1),/brand/?code=8411,8411,押し目からの反発初日 ,+28.81 %,株価
0,2021-09-27 20:57:39.291409,10:20,ダイビル (8806・東1),/brand/?code=8806,8806,押し目からの反発初日 ,+34.24 %,株価
0,2021-09-27 20:57:39.295865,10:20,誠建設工業 (8995・東2),/brand/?code=8995,8995,押し目からの反発初日 ,+9.37 %,株価
0,2021-09-27 20:57:39.300357,10:10,ウェッジホールディングス (2388・JQG),/brand/?code=2388,2388,上値抵抗線突破初日 ,+13.39 %,株価
0,2021-09-27 20:57:39.304694,10:10,ワシントンホテル (4691・東2),/brand/?code=4691,4691,ゴールデンクロス ,+48.56 %,株価
0,2021-09-27 20:57:39.308929,10:10,伊豆シャボテンリゾート (6819・JQS),/brand/?code=6819,6819,上値抵抗線突破初日 ,+20.26 %,株価
0,2021-09-27 20:57:39.313167,10:10,大庄 (9979・東1),/brand/?code=9979,9979,押し目からの反発初日 ,+34.56 %,株価
0,2021-09-27 20:57:39.317939,10:00,大末建設 (1814・東1),/brand/?code=1814,1814,押し目からの反発初日 ,+40.12 %,株価
0,2021-09-27 20:57:46.668445,11:00,ホーチキ (6745・東1),/brand/?code=6745,6745,押し目からの反発初日 ,+31.65 %,株価
0,2021-09-27 20:57:46.675268,11:00,アイナボホールディングス (7539・JQS),/brand/?code=7539,7539,上値抵抗線突破初日 ,+25.43 %,株価
0,2021-09-27 20:57:46.681004,11:00,国際計測器 (7722・JQS),/brand/?code=7722,7722,暴落からの反発初日 ,+4.18 %,株価
0,2021-09-27 20:57:46.686422,11:00,フジ住宅 (8860・東1),/brand/?code=8860,8860,押し目からの反発初日 ,+40.61 %,株価
0,2021-09-27 20:57:46.691604,10:50,竹本容器 (4248・東1),/brand/?code=4248,4248,押し目からの反発初日 ,+15 %,株価
0,2021-09-27 20:57:46.696499,10:50,日本高周波鋼業 (5476・東1),/brand/?code=5476,5476,上値抵抗線突破初日 ,+53.25 %,株価
0,2021-09-27 20:57:46.701481,10:50,駒井ハルテック (5915・東1),/brand/?code=5915,5915,押し目からの反発初日 ,+20.39 %,株価
0,2021-09-27 20:57:46.706080,10:50,アイペットホールディングス (7339・マザ),/brand/?code=7339,7339,押し目からの反発初日 ,+13.69 %,株価
0,2021-09-27 20:57:46.710607,10:50,理研計器 (7734・東1),/brand/?code=7734,7734,三角保ち合い上放れ初日 ,+43.96 %,株価
0,2021-09-27 20:57:46.715132,10:50,フジトミ証券 (8740・JQS),/brand/?code=8740,8740,三角保ち合い上放れ初日 ,+13.99 %,株価
0,2021-09-27 20:57:46.719655,10:50,日神グループホールディングス (8881・東1),/brand/?code=8881,8881,押し目からの反発初日 ,+42.05 %,株価
0,2021-09-27 20:57:46.724025,10:50,広島電鉄 (9033・東2),/brand/?code=9033,9033,上値抵抗線突破初日 ,+0.89 %,株価
0,2021-09-27 20:57:46.728368,10:50,遠州トラック (9057・JQS),/brand/?code=9057,9057,押し目からの反発初日 ,+15.81 %,株価
0,2021-09-27 20:57:46.732712,10:40,大林組 (1802・東1),/brand/?code=1802,1802,押し目からの反発初日 ,+14.87 %,株価
0,2021-09-27 20:57:46.737075,10:40,四電工 (1939・東1),/brand/?code=1939,1939,押し目からの反発初日 ,+39.62 %,株価
0,2021-09-27 20:57:46.741614,10:40,北海道コカ・コーラボトリング (2573・東2),/brand/?code=2573,2573,上値抵抗線突破初日 ,+7.51 %,株価
0,2021-09-27 20:57:46.745943,10:40,駅探 (3646・マザ),/brand/?code=3646,3646,上値抵抗線突破初日 ,+24.37 %,株価
0,2021-09-27 20:57:46.750189,10:40,日本テクノ・ラボ (3849・札ア),/brand/?code=3849,3849,トレンドライン突破初日 ,+54.73 %,株価
0,2021-09-27 20:57:46.754488,10:40,エア・ウォーター (4088・東1),/brand/?code=4088,4088,暴落からの反発初日 ,+30.62 %,株価
0,2021-09-27 20:57:46.758767,10:40,テイクアンドギヴ・ニーズ (4331・東1),/brand/?code=4331,4331,三角保ち合い上放れ初日 ,+124.25 %,株価
0,2021-09-27 20:57:52.181960,11:40,ＪＥＳＣＯホールディングス (1434・東2),/brand/?code=1434,1434,押し目からの反発初日 ,+42.92 %,株価
0,2021-09-27 20:57:52.187428,11:40,キッコーマン (2801・東1),/brand/?code=2801,2801,上値抵抗線突破初日 ,+41.62 %,株価
0,2021-09-27 20:57:52.192285,11:40,ホリイフードサービス (3077・JQS),/brand/?code=3077,3077,押し目からの反発初日 ,+14.68 %,株価
0,2021-09-27 20:57:52.196891,11:40,ＧＭＯアドパートナーズ (4784・JQS),/brand/?code=4784,4784,トレンドライン突破初日 ,+26.75 %,株価
0,2021-09-27 20:57:52.201497,11:40,サンセイ (6307・東2),/brand/?code=6307,6307,押し目からの反発初日 ,+14.25 %,株価
0,2021-09-27 20:57:52.205960,11:40,フューチャーリンクネットワーク (9241・マザ),/brand/?code=9241,9241,上値抵抗線突破初日 ,-- %,株価
0,2021-09-27 20:57:52.210397,11:30,東和フードサービス (3329・JQS),/brand/?code=3329,3329,暴落からの反発初日 ,+30.21 %,株価
0,2021-09-27 20:57:52.214811,11:20,フェイス (4295・東1),/brand/?code=4295,4295,押し目からの反発初日 ,+40.22 %,株価
0,2021-09-27 20:57:52.219382,11:20,ＪＴＯＷＥＲ (4485・マザ),/brand/?code=4485,4485,押し目からの反発初日 ,+79.16 %,株価
0,2021-09-27 20:57:52.223699,11:20,昭和ホールディングス (5103・東2),/brand/?code=5103,5103,上値抵抗線突破初日 ,+19.65 %,株価
0,2021-09-27 20:57:52.227991,11:20,バリューＨＲ (6078・東1),/brand/?code=6078,6078,押し目からの反発初日 ,+35.19 %,株価
0,2021-09-27 20:57:52.232376,11:20,西部電機 (6144・東2),/brand/?code=6144,6144,三角保ち合い上放れ初日 ,+20.93 %,株価
0,2021-09-27 20:57:52.236704,11:00,田辺工業 (1828・東2),/brand/?code=1828,1828,上値抵抗線突破初日 ,+15.52 %,株価
0,2021-09-27 20:57:52.241202,11:00,大森屋 (2917・JQS),/brand/?code=2917,2917,三角保ち合い上放れ初日 ,+13.57 %,株価
0,2021-09-27 20:57:52.245927,11:00,イデアインターナショナル (3140・JQG),/brand/?code=3140,3140,トレンドライン突破初日 ,+10.3 %,株価
0,2021-09-27 20:57:52.250507,11:00,関門海 (3372・東2),/brand/?code=3372,3372,トレンドライン突破初日 ,+12.48 %,株価
0,2021-09-27 20:57:52.255005,11:00,セブン＆アイ・ホールディングス (3382・東1),/brand/?code=3382,3382,押し目からの反発初日 ,+44.4 %,株価
0,2021-09-27 20:57:52.259333,11:00,信越化学工業 (4063・東1),/brand/?code=4063,4063,三角保ち合い上放れ初日 ,+35.99 %,株価
0,2021-09-27 20:57:52.263578,11:00,クリングルファーマ (4884・マザ),/brand/?code=4884,4884,トレンドライン突破初日 ,+44.43 %,株価
0,2021-09-27 20:57:52.267977,11:00,鶴弥 (5386・東2),/brand/?code=5386,5386,押し目からの反発初日 ,+9.83 %,株価
0,2021-09-27 20:58:00.713407,13:00,横田製作所 (6248・JQS),/brand/?code=6248,6248,上値抵抗線突破初日 ,+2.11 %,株価
0,2021-09-27 20:58:00.719460,13:00,水道機工 (6403・JQS),/brand/?code=6403,6403,上値抵抗線突破初日 ,-3.07 %,株価
0,2021-09-27 20:58:00.724609,13:00,サンデー (7450・JQS),/brand/?code=7450,7450,上値抵抗線突破初日 ,+6.09 %,株価
0,2021-09-27 20:58:00.729553,13:00,鳥羽洋行 (7472・JQS),/brand/?code=7472,7472,トレンドライン突破初日 ,+8.32 %,株価
0,2021-09-27 20:58:00.734415,13:00,田中商事 (7619・東1),/brand/?code=7619,7619,押し目からの反発初日 ,+8.72 %,株価
0,2021-09-27 20:58:00.738979,13:00,ジャパン・ティッシュ・エンジニアリング (7774・JQG),/brand/?code=7774,7774,押し目からの反発初日 ,+51.07 %,株価
0,2021-09-27 20:58:00.743560,13:00,ランドビジネス (8944・東1),/brand/?code=8944,8944,上値抵抗線突破初日 ,+42.36 %,株価
0,2021-09-27 20:58:00.748214,12:50,ミューチュアル (2773・JQS),/brand/?code=2773,2773,上値抵抗線突破初日 ,+16.44 %,株価
0,2021-09-27 20:58:00.752680,12:50,木村工機 (6231・東2),/brand/?code=6231,6231,トレンドライン突破初日 ,+22.95 %,株価
0,2021-09-27 20:58:00.757029,12:50,南日本銀行 (8554・福岡),/brand/?code=8554,8554,押し目からの反発初日 ,+2.84 %,株価
0,2021-09-27 20:58:00.761367,12:40,ダイイチ (7643・札幌),/brand/?code=7643,7643,押し目からの反発初日 ,+11.48 %,株価
0,2021-09-27 20:58:00.765655,12:20,オリジナル設計 (4642・東2),/brand/?code=4642,4642,押し目からの反発初日 ,+21.17 %,株価
0,2021-09-27 20:58:00.769931,12:00,日本ヒューム (5262・東1),/brand/?code=5262,5262,押し目からの反発初日 ,+6.33 %,株価
0,2021-09-27 20:58:00.774343,12:00,新報国製鉄 (5542・JQS),/brand/?code=5542,5542,三角保ち合い上放れ初日 ,+102.87 %,株価
0,2021-09-27 20:58:00.778956,12:00,アイエーグループ (7509・JQS),/brand/?code=7509,7509,暴落からの反発初日 ,+13.77 %,株価
0,2021-09-27 20:58:00.784171,12:00,中日本興業 (9643・名2),/brand/?code=9643,9643,暴落からの反発初日 ,+1.71 %,株価
0,2021-09-27 20:58:00.789104,11:50,ヤスハラケミカル (4957・東2),/brand/?code=4957,4957,トレンドライン突破初日 ,+18.97 %,株価
0,2021-09-27 20:58:00.793760,11:50,富士石油 (5017・東1),/brand/?code=5017,5017,三角保ち合い上放れ初日 ,+31.8 %,株価
0,2021-09-27 20:58:00.798217,11:50,横浜ゴム (5101・東1),/brand/?code=5101,5101,上値抵抗線突破初日 ,+53.34 %,株価
0,2021-09-27 20:58:00.802588,11:50,ダントーホールディングス (5337・東1),/brand/?code=5337,5337,暴落からの反発初日 ,+61.78 %,株価
0,2021-09-27 20:58:06.750246,14:40,昭和システムエンジニアリング (4752・JQS),/brand/?code=4752,4752,押し目からの反発初日 ,+8.99 %,株価
0,2021-09-27 20:58:06.756368,14:00,図研エルミック (4770・東2),/brand/?code=4770,4770,逆三尊からの上昇 ,+9.52 %,株価
0,2021-09-27 20:58:06.761676,14:00,寺岡製作所 (4987・東2),/brand/?code=4987,4987,押し目からの反発初日 ,+6.13 %,株価
0,2021-09-27 20:58:06.766668,14:00,石井鐵工所 (6362・東1),/brand/?code=6362,6362,押し目からの反発初日 ,+16.42 %,株価
0,2021-09-27 20:58:06.771601,14:00,スリーエフ (7544・東2),/brand/?code=7544,7544,押し目からの反発初日 ,+29.87 %,株価
0,2021-09-27 20:58:06.776204,13:50,アルトナー (2163・東1),/brand/?code=2163,2163,押し目からの反発初日 ,+12.62 %,株価
0,2021-09-27 20:58:06.780747,13:50,トーエル (3361・東1),/brand/?code=3361,3361,押し目からの反発初日 ,+31.28 %,株価
0,2021-09-27 20:58:06.785387,13:50,ハリマ共和物産 (7444・東2),/brand/?code=7444,7444,上値抵抗線突破初日 ,+6.63 %,株価
0,2021-09-27 20:58:06.789838,13:40,丸山製作所 (6316・東1),/brand/?code=6316,6316,トレンドライン突破初日 ,+34.25 %,株価
0,2021-09-27 20:58:06.794222,13:40,オーイズミ (6428・東1),/brand/?code=6428,6428,押し目からの反発初日 ,+11.45 %,株価
0,2021-09-27 20:58:06.798531,13:40,東洋電機 (6655・名2),/brand/?code=6655,6655,逆三尊からの上昇 ,+10.19 %,株価
0,2021-09-27 20:58:06.802831,13:40,北沢産業 (9930・東1),/brand/?code=9930,9930,押し目からの反発初日 ,+15.12 %,株価
0,2021-09-27 20:58:06.807071,13:30,ココナラ (4176・マザ),/brand/?code=4176,4176,上値抵抗線突破初日 ,+34.32 %,株価
0,2021-09-27 20:58:06.811470,13:30,インヴァスト (7338・JQS),/brand/?code=7338,7338,三角保ち合い上放れ初日 ,+15.9 %,株価
0,2021-09-27 20:58:06.815747,13:30,東海エレクトロニクス (8071・名2),/brand/?code=8071,8071,暴落からの反発初日 ,+9.81 %,株価
0,2021-09-27 20:58:06.820054,13:20,ロイヤルホテル (9713・東2),/brand/?code=9713,9713,トレンド支持線からの反発初日 ,+17.45 %,株価
0,2021-09-27 20:58:06.824948,13:10,ケイティケイ (3035・JQS),/brand/?code=3035,3035,押し目からの反発初日 ,+110.78 %,株価
0,2021-09-27 20:58:06.829838,13:00,日本道路 (1884・東1),/brand/?code=1884,1884,押し目からの反発初日 ,+30.19 %,株価
0,2021-09-27 20:58:06.834188,13:00,システムインテグレータ (3826・東1),/brand/?code=3826,3826,トレンドライン突破初日 ,+29.65 %,株価
0,2021-09-27 20:58:06.838493,13:00,ＶＡＬＵＥＮＥＸ (4422・マザ),/brand/?code=4422,4422,トレンドライン突破初日 ,+12.61 %,株価
0,2021-09-27 20:58:14.178834,16:00,インターライフホールディングス (1418・JQS),/brand/?code=1418,1418,押し目からの反発初日 ,+0.64 %,株価
0,2021-09-27 20:58:14.184868,16:00,ＦＩＧ (4392・東1),/brand/?code=4392,4392,押し目からの反発初日 ,+25.97 %,株価
0,2021-09-27 20:58:14.190148,16:00,新田ゼラチン (4977・東1),/brand/?code=4977,4977,押し目からの反発初日 ,+13.12 %,株価
0,2021-09-27 20:58:14.195059,16:00,オカダアイヨン (6294・東1),/brand/?code=6294,6294,押し目からの反発初日 ,+38.86 %,株価
0,2021-09-27 20:58:14.199977,16:00,タカキタ (6325・東1),/brand/?code=6325,6325,押し目からの反発初日 ,+23.6 %,株価
0,2021-09-27 20:58:14.204517,16:00,タツミ (7268・JQS),/brand/?code=7268,7268,トレンドライン突破初日 ,+10.41 %,株価
0,2021-09-27 20:58:14.209050,16:00,愛知時計電機 (7723・東1),/brand/?code=7723,7723,上値抵抗線突破初日 ,+10.5 %,株価
0,2021-09-27 20:58:14.213697,15:40,平安レイサービス (2344・JQS),/brand/?code=2344,2344,押し目からの反発初日 ,+6.32 %,株価
0,2021-09-27 20:58:14.218119,15:40,東京コスモス電機 (6772・東2),/brand/?code=6772,6772,トレンド支持線からの反発初日 ,+135.22 %,株価
0,2021-09-27 20:58:14.222466,15:30,サン・ライフホールディング (7040・JQS),/brand/?code=7040,7040,トレンドライン突破初日 ,+9.66 %,株価
0,2021-09-27 20:58:14.226802,15:20,シード (7743・東1),/brand/?code=7743,7743,上値抵抗線突破初日 ,+33.3 %,株価
0,2021-09-27 20:58:14.231180,15:10,ジーダット (3841・JQS),/brand/?code=3841,3841,上値抵抗線突破初日 ,+11.11 %,株価
0,2021-09-27 20:58:14.235487,15:00,ジューテックホールディングス (3157・東1),/brand/?code=3157,3157,押し目からの反発初日 ,+8.11 %,株価
0,2021-09-27 20:58:14.240609,15:00,アクサスホールディングス (3536・JQS),/brand/?code=3536,3536,上値抵抗線突破初日 ,+29.36 %,株価
0,2021-09-27 20:58:14.245538,15:00,スペースシャワーネットワーク (4838・JQS),/brand/?code=4838,4838,上値抵抗線突破初日 ,+41.61 %,株価
0,2021-09-27 20:58:14.250404,15:00,東邦金属 (5781・東2),/brand/?code=5781,5781,押し目からの反発初日 ,+20.88 %,株価
0,2021-09-27 20:58:14.254757,15:00,コロナ (5909・東1),/brand/?code=5909,5909,押し目からの反発初日 ,+10.13 %,株価
0,2021-09-27 20:58:14.259326,15:00,技研製作所 (6289・東1),/brand/?code=6289,6289,押し目からの反発初日 ,+18.44 %,株価
0,2021-09-27 20:58:14.263647,15:00,松井証券 (8628・東1),/brand/?code=8628,8628,押し目からの反発初日 ,+19.27 %,株価
0,2021-09-27 20:58:14.267934,14:50,中村屋 (2204・東1),/brand/?code=2204,2204,三角保ち合い上放れ初日 ,+11.25 %,株価
0,2021-09-29 12:25:01.873752,12:20,日本ＣＭＫ (6958・東1),/brand/?code=6958,6958,トレンド支持線からの反発初日 ,+49.94 %,株価
0,2021-09-29 12:25:31.244029,11:30,片倉工業 (3001・東1),/brand/?code=3001,3001,三角保ち合い上放れ初日 ,+49.5 %,株価
0,2021-09-29 12:26:03.287736,11:30,三ツ知 (3439・名2),/brand/?code=3439,3439,暴落からの反発初日 ,+9.86 %,株価
0,2021-09-29 12:26:32.338427,11:30,モルフォ (3653・マザ),/brand/?code=3653,3653,押し目からの反発初日 ,+14.78 %,株価
0,2021-09-29 12:27:02.838886,11:30,エス・サイエンス (5721・東1),/brand/?code=5721,5721,三角保ち合い上放れ初日 ,+11.38 %,株価
0,2021-09-29 12:27:29.093346,11:30,Ｇｕｎｏｓｙ (6047・東1),/brand/?code=6047,6047,上値抵抗線突破初日 ,+58.7 %,株価
0,2021-09-29 12:28:01.949028,11:30,不二電機工業 (6654・東1),/brand/?code=6654,6654,トレンドライン突破初日 ,+4.97 %,株価
0,2021-09-29 12:28:33.490689,11:20,石塚硝子 (5204・東1),/brand/?code=5204,5204,トレンド支持線からの反発初日 ,+27.92 %,株価
0,2021-09-29 12:28:56.890621,11:20,パン・パシフィック・インターナショナルホールディングス (7532・東1),/brand/?code=7532,7532,暴落からの反発初日 ,+22.69 %,株価
0,2021-09-29 12:29:21.288659,11:10,日本製罐 (5905・東2),/brand/?code=5905,5905,押し目からの反発初日 ,+14 %,株価
0,2021-09-29 12:29:56.860092,11:00,昭和鉄工 (5953・福岡),/brand/?code=5953,5953,暴落からの反発初日 ,+6.43 %,株価
0,2021-09-29 12:30:06.887488,10:50,ＦＲＡＣＴＡＬＥ (3750・東2),/brand/?code=3750,3750,上値抵抗線突破初日 ,+28.72 %,株価
0,2021-09-29 12:30:36.511260,10:50,キタック (4707・JQS),/brand/?code=4707,4707,ゴールデンクロス ,+69.15 %,株価
0,2021-09-29 12:31:20.737854,10:30,幼児活動研究会 (2152・JQS),/brand/?code=2152,2152,押し目からの反発初日 ,+87.98 %,株価
0,2021-09-29 12:31:49.413386,10:30,日本金属 (5491・東1),/brand/?code=5491,5491,押し目からの反発初日 ,+32.19 %,株価
0,2021-09-29 12:32:19.340051,10:20,日本ケミコン (6997・東1),/brand/?code=6997,6997,押し目からの反発初日 ,+56.21 %,株価
0,2021-09-29 12:32:52.634978,10:20,コーユーレンティア (7081・JQS),/brand/?code=7081,7081,トレンド支持線からの反発初日 ,+52.52 %,株価
0,2021-09-29 12:33:21.593851,10:20,東邦レマック (7422・JQS),/brand/?code=7422,7422,押し目からの反発初日 ,+31.23 %,株価
0,2021-09-29 12:33:49.828741,10:10,ひらまつ (2764・東1),/brand/?code=2764,2764,ダブルボトムからの反発 ,+100.48 %,株価
0,2021-09-29 12:34:19.081237,10:10,セキュアヴェイル (3042・JQG),/brand/?code=3042,3042,押し目からの反発初日 ,-11.73 %,株価
0,2021-09-29 12:44:38.121623,12:40,大和コンピューター (3816・JQS),/brand/?code=3816,3816,三角保ち合い上放れ初日 ,+22.81 %,株価
0,2021-09-29 12:45:20.058004,12:20,日本ＣＭＫ (6958・東1),/brand/?code=6958,6958,トレンド支持線からの反発初日 ,+49.94 %,株価
0,2021-09-29 12:45:22.302616,11:30,片倉工業 (3001・東1),/brand/?code=3001,3001,三角保ち合い上放れ初日 ,+49.5 %,株価
0,2021-09-29 12:45:23.219255,11:30,三ツ知 (3439・名2),/brand/?code=3439,3439,暴落からの反発初日 ,+9.86 %,株価
0,2021-09-29 12:45:24.350793,11:30,モルフォ (3653・マザ),/brand/?code=3653,3653,押し目からの反発初日 ,+14.78 %,株価
0,2021-09-29 12:45:25.272921,11:30,エス・サイエンス (5721・東1),/brand/?code=5721,5721,三角保ち合い上放れ初日 ,+11.38 %,株価
0,2021-09-29 12:45:26.123387,11:30,Ｇｕｎｏｓｙ (6047・東1),/brand/?code=6047,6047,上値抵抗線突破初日 ,+58.7 %,株価
0,2021-09-29 12:45:26.514948,11:30,不二電機工業 (6654・東1),/brand/?code=6654,6654,トレンドライン突破初日 ,+4.97 %,株価
0,2021-09-29 12:45:27.324379,11:20,石塚硝子 (5204・東1),/brand/?code=5204,5204,トレンド支持線からの反発初日 ,+27.92 %,株価
0,2021-09-29 12:45:27.730121,11:20,パン・パシフィック・インターナショナルホールディングス (7532・東1),/brand/?code=7532,7532,暴落からの反発初日 ,+22.69 %,株価
0,2021-09-29 12:45:28.753654,11:10,日本製罐 (5905・東2),/brand/?code=5905,5905,押し目からの反発初日 ,+14 %,株価
0,2021-09-29 12:45:29.572506,11:00,昭和鉄工 (5953・福岡),/brand/?code=5953,5953,暴落からの反発初日 ,+6.43 %,株価
0,2021-09-29 12:45:30.287690,10:50,ＦＲＡＣＴＡＬＥ (3750・東2),/brand/?code=3750,3750,上値抵抗線突破初日 ,+28.72 %,株価
0,2021-09-29 12:45:31.224503,10:50,キタック (4707・JQS),/brand/?code=4707,4707,ゴールデンクロス ,+69.15 %,株価
0,2021-09-29 12:45:31.622225,10:30,幼児活動研究会 (2152・JQS),/brand/?code=2152,2152,押し目からの反発初日 ,+87.98 %,株価
0,2021-09-29 12:45:32.542778,10:30,日本金属 (5491・東1),/brand/?code=5491,5491,押し目からの反発初日 ,+32.19 %,株価
0,2021-09-29 12:45:32.954527,10:20,日本ケミコン (6997・東1),/brand/?code=6997,6997,押し目からの反発初日 ,+56.21 %,株価
0,2021-09-29 12:45:33.791202,10:20,コーユーレンティア (7081・JQS),/brand/?code=7081,7081,トレンド支持線からの反発初日 ,+52.52 %,株価
0,2021-09-29 12:45:34.281132,10:20,東邦レマック (7422・JQS),/brand/?code=7422,7422,押し目からの反発初日 ,+31.23 %,株価
0,2021-09-29 12:45:35.103896,10:10,ひらまつ (2764・東1),/brand/?code=2764,2764,ダブルボトムからの反発 ,+100.48 %,株価
